Rep,Location,Date,Featured_F,Terrain,Habitat_ty,Lattitude,Longitude,Tiger,Leopard,other_carni,Elephant,Spotted Deer,Wild Boar,Sambar,Barking Deer,Blue Bull,Gaur,Other_1,Remarks,Grid_2_2,Grid_10_10
1,Temple Tiger,12-Dec,Fireline,Terai,MF,27.53674466,84.07498217,0,0,0,0,1,0,0,0,0,0,,,g1385,G100
1,Temple Tiger,12-Dec,Fireline,Terai,MF,27.53701457,84.07580486,0,1,0,1,1,0,0,0,0,0,Rhino (T),,g1385,G100
1,Temple Tiger,12-Dec,Fireline,Terai,MF,27.53644023,84.07637668,0,0,0,0,1,1,0,0,0,0,,,g1385,G100
1,Temple Tiger,12-Dec,Fireline,Terai,MF,27.53596252,84.07682449,1,0,0,0,1,1,0,0,0,0,,,g1385,G100
1,Temple Tiger,12-Dec,Fireline,Terai,MF,27.5352141,84.07726935,0,0,0,0,1,1,0,0,0,0,Rhino (T),,g1385,G100
1,Temple Tiger,12-Dec,Fireline,Terai,MF,27.53466178,84.07717265,1,0,0,0,1,1,0,0,0,0,,,g1385,G100
1,Temple Tiger,12-Dec,Fireline,Terai,MF,27.53415126,84.07734809,0,0,0,0,1,1,0,0,0,0,,,g1385,G100
1,Temple Tiger,12-Dec,Fireline,Terai,MF,27.53376902,84.07804635,0,1,0,0,1,0,0,0,0,0,Rhino(T),,g1385,G100
1,Temple Tiger,12-Dec,Fireline,Terai,MF,27.53355034,84.078801,0,0,0,0,1,1,0,0,0,0,,,g1385,G100
1,Temple Tiger,12-Dec,Fireline,Terai,MF,27.53340188,84.07946271,0,0,0,0,1,1,0,0,0,0,,,g1385,G100
2,Temple Tiger,12-Dec,Fireline,Terai,MF,27.53358364,84.08640007,0,1,0,1,1,0,0,1,0,0,,,g1385,G100
2,Temple Tiger,12-Dec,Fireline,Terai,MF,27.53379312,84.08735592,1,0,0,0,1,1,0,0,0,0,Rhino (T),,g1385,G100
2,Temple Tiger,12-Dec,Fireline,Terai,MF,27.5341003,84.08823836,0,0,0,0,1,1,0,0,0,0,,,g1385,G100
2,Temple Tiger,12-Dec,Fireline,Terai,MF,27.53419299,84.08921754,0,0,0,0,1,1,0,0,0,0,Rhino (T),,g1385,G100
2,Temple Tiger,12-Dec,Fireline,Terai,MF,27.53435781,84.09019483,0,0,0,0,1,1,0,0,0,0,,,g1385,G100
2,Temple Tiger,12-Dec,Fireline,Terai,MF,27.53446809,84.09115331,0,1,0,0,1,1,0,0,0,0,,,g1385,G100
6,Gundrehidha Kaha CF,11-Dec,Forest Road,Terai,RF,27.55470061,84.11049912,1,0,0,0,0,1,0,1,0,0,,,g538,G100
7,Gundrehidha Kaha CF,11-Dec,Forest Road,Terai,RF,27.55614605,84.10713112,0,0,0,0,1,1,1,0,0,0,,,g538,G100
7,Gundrehidha Kaha CF,11-Dec,Forest Road,Terai,RF,27.55638744,84.10399709,1,0,0,0,1,1,0,1,0,0,,,g538,G100
7,Gundrehidha Kaha CF,11-Dec,Forest Road,Terai,RF,27.55588258,84.10141913,1,0,0,0,1,1,0,0,0,0,,,g538,G100
7,Gundrehidha Kaha CF,11-Dec,Forest Road,Terai,RF,27.55643089,84.10002813,0,0,0,0,1,0,0,1,0,0,,,g538,G100
7,Gundrehidha Kaha CF,11-Dec,Forest Road,Terai,RF,27.55690374,84.09761679,0,0,0,0,0,1,0,1,0,0,,,g538,G100
7,Gundrehidha Kaha CF,11-Dec,Forest Road,Terai,RF,27.55655898,84.09622903,0,0,0,0,0,0,0,0,0,0,,,g538,G100
2,Temple Tiger,12-Dec,Fireline,Terai,MF,27.53427182,84.09211987,0,1,0,1,1,1,1,0,0,0,Rhino (T),,g709,G100
2,Temple Tiger,12-Dec,Fireline,Terai,MF,27.53455988,84.09295224,0,0,0,1,1,1,0,0,0,0,,,g709,G100
2,Temple Tiger,12-Dec,Fireline,Terai,MF,27.53491731,84.09365122,0,0,0,1,1,1,0,0,0,0,,,g709,G100
2,Temple Tiger,12-Dec,Fireline,Terai,MF,27.53523092,84.09441208,0,0,0,0,1,1,0,0,0,0,,,g709,G100
3,Temple Tiger,12-Dec,Fireline,Terai,MF,27.53534914,84.09531977,1,0,0,0,1,1,0,1,0,0,,,g709,G100
3,Temple Tiger,12-Dec,Fireline,Terai,MF,27.53546799,84.0962578,1,0,0,0,1,1,0,0,0,0,,,g709,G100
3,Temple Tiger,12-Dec,Fireline,Terai,MF,27.535803,84.09718003,1,0,0,0,1,1,0,0,0,0,,,g709,G100
3,Temple Tiger,12-Dec,Fireline,Terai,MF,27.53614619,84.09806158,1,0,0,0,1,1,0,0,0,0,,,g709,G100
3,Temple Tiger,12-Dec,Fireline,Terai,MF,27.53610603,84.09873056,0,1,0,0,1,1,0,0,0,0,,,g709,G100
3,Temple Tiger,12-Dec,Fireline,Terai,MF,27.53618379,84.09986197,1,0,0,1,1,1,0,0,0,0,,,g709,G100
3,Temple Tiger,12-Dec,Fireline,Terai,MF,27.53628436,84.10079037,0,0,0,1,1,1,0,0,0,0,,,g709,G100
3,Temple Tiger,12-Dec,Fireline,Terai,MF,27.53729008,84.10143189,0,0,0,1,1,1,0,0,0,0,,,g709,G100
3,Temple Tiger,12-Dec,Fireline,Terai,MF,27.53754829,84.10213353,0,0,0,0,1,1,1,0,0,0,,,g709,G100
3,Temple Tiger,12-Dec,Fireline,Terai,MF,27.53787299,84.10299534,0,0,0,1,1,1,0,0,0,0,,,g709,G100
4,Temple Tiger,12-Dec,Fireline,Terai,MF,27.53803624,84.10390189,0,0,0,1,1,1,0,0,0,0,Rhino(D),,g709,G100
4,Temple Tiger,12-Dec,Fireline,Terai,MF,27.5384687,84.10474065,0,0,0,0,1,1,0,0,0,0,,,g709,G100
4,Temple Tiger,12-Dec,Fireline,Terai,MF,27.5389995,84.10553635,0,0,0,0,1,1,0,0,0,0,Rhino (T),,g709,G100
4,Temple Tiger,12-Dec,Fireline,Terai,MF,27.53957326,84.10622974,0,0,0,0,1,1,0,0,0,0,,,g709,G100
4,Temple Tiger,12-Dec,Fireline,Terai,MF,27.53968365,84.10719841,0,0,0,0,1,1,1,0,0,0,,,g709,G100
4,Temple Tiger,12-Dec,Fireline,Terai,MF,27.53982172,84.10819672,0,0,0,0,1,1,1,0,0,0,Rhino (T),,g709,G100
4,Temple Tiger,12-Dec,Fireline,Terai,MF,27.53990483,84.10915598,0,0,0,1,1,1,1,0,0,0,,,g709,G100
4,Temple Tiger,12-Dec,Fireline,Terai,MF,27.53995146,84.11009597,0,0,0,0,1,1,1,0,0,0,,,g709,G100
4,Temple Tiger,12-Dec,Fireline,Terai,MF,27.54017882,84.11105146,0,0,0,1,1,1,0,0,0,0,,,g709,G100
4,Temple Tiger,12-Dec,Fireline,Terai,MF,27.54034202,84.11195804,0,0,0,0,1,1,1,0,0,0,Rhino(T),,g709,G100
1,Sailimali,12-Dec,Animal Track,Terai,SF,27.5353126,84.09875141,1,1,0,1,1,1,0,0,0,0,Rhino (T),,g709,G100
