name,type,latitude,longitude,sample_date
Nabrownij,BH,-19.16174,15.99463,2013-05-06
Gemsbokvlakte,BH,-19.21406,16.05917,2013-05-06
Olifantsbad,BH,-19.23725,16.12846,2013-05-06
Dolomitepunt,BH,-19.00285,14.47264,2013-05-07
Duineveld,BH,-18.95098,14.60858,2013-05-07
Nomab,BH,-18.96113,14.76448,2013-05-07
Olifantsrus,BH,-18.96552,14.86024,2013-05-07
Teobron,BH,-18.97164,14.95716,2013-05-07
Toespad,BH,-18.98002,15.06087,2013-05-07
Duivelsvuur,BH,-18.98666,15.25956,2013-05-07
Sonderkop,BH,-18.96876,15.32755,2013-05-07
Arendsnes,unknown,-18.97806,15.40952,
Halali seepage,C,-18.97565,16.43903,2013-05-09
Halali Turnoff,A,-18.99623,16.40326,2013-05-09
Rietfontein,A,-19.03658,16.34177,2013-05-09
Salvadora,C,-19.03452,16.26956,2013-05-09
Cheridsaub,C,-19.04295,16.26497,2013-05-09
Sueda,C,-19.04280,16.25219,2013-05-09
Homob,A,-19.05257,16.19316,2013-05-09
Ondogab,C-dry,,,2013-05-09
Quarry Artesian borehole,A,-19.10725,16.12656,2013-05-09
Kapupuheri,C-dry,-19.12305,16.07018,2013-05-09
Ombika,A,-19.31617,15.94117,2013-05-09
Halali 1,A,-18.95604,16.50579,2013-05-08
Agab Turnoff,C,-18.95270,16.62231,2013-05-08
Agab,A,-18.97503,16.65568,2013-05-08
Springbok Fontein,C,-18.93895,16.69600,2013-05-08
Ngobib,A,-18.89722,16.76986,2013-05-08
Kalkheuwel,A,-18.89741,16.82648,2013-05-08
Chudop,A,-18.85855,16.92502,2013-05-08
Koinhas,A,-18.81918,16.92883,2013-05-08
Klein Namutoni,A,-18.82686,16.95048,2013-05-08
Groot Okevi,A,-18.78025,16.89852,2013-05-08
Mushara,A,-18.58763,16.88717,2013-05-08
Kameldoring,A,-18.61819,16.98820,2013-05-08
Mbari,BH,-18.97636,15.50411,2013-05-10
Okahakana,BH,-18.88073,15.58623,2013-05-10
Pan Point,BH,-18.78652,15.61755,2013-05-10
Narawandu,BH,-18.73846,15.50196,2013-05-10
Gruneveld,BH,-19.12602,15.63597,2013-05-10
Okondeka,C,-18.99344,15.86985,2013-05-10
Eindpaal,BH,-19.21308,15.52981,2013-05-10
