region_id,region_type,region_kind,survey_id,aed_stratum_id,area_km2,raster_footprint_area_km2,raster_vs_vector_area_relative_error,valid_area_km2,nodata_area_km2,valid_coverage,valid_pixel_count,wc_10_area_km2,wc_10_share_valid,wc_20_area_km2,wc_20_share_valid,wc_30_area_km2,wc_30_share_valid,wc_40_area_km2,wc_40_share_valid,wc_50_area_km2,wc_50_share_valid,wc_60_area_km2,wc_60_share_valid,wc_70_area_km2,wc_70_share_valid,wc_80_area_km2,wc_80_share_valid,wc_90_area_km2,wc_90_share_valid,wc_95_area_km2,wc_95_share_valid,wc_100_area_km2,wc_100_share_valid,fuel_proxy_codes,fuel_proxy_before_pan_mask_km2,fuel_proxy_before_pan_mask_share_valid,fuel_proxy_before_pan_mask_share_region,main_pan_excluded_from_fuel,fuel_proxy_area_km2,fuel_proxy_share_valid,fuel_proxy_share_region
ENP1,survey_stratum,survey_stratum,ENP1,3620,1763.8840133373776,1763.876182019054,-4.439814786150187e-06,1763.876182019054,0.0,1.0,21801830,0.001050528986018151,5.95579778630291e-07,723.7797132439937,0.41033476194202334,1002.13779804323,0.5681452067095287,9.653837445253238,0.005473081128746118,0.5446182646776997,0.0003087621853673947,27.756980570937184,0.01573635431664179,0.0,0.0,0.0012136319255679846,6.880482530121688e-07,0.0009702900510057807,5.500896609960002e-07,0.0,0.0,0.0,0.0,10|20|30,1725.9185618162096,0.9784805642313308,0.9784805642313308,False,1725.9185618162096,0.9784805642313308,0.9784805642313308
ENP2,survey_stratum,survey_stratum,ENP2,3621,269.1805876598179,269.1794262303155,-4.314685217332581e-06,269.17942623031547,0.0,0.9999999999999998,3322522,0.0,0.0,34.710779348286515,0.12895034302728345,234.24296810406886,0.8702112616275725,0.053133522418607027,0.00019739072618850482,0.0,0.0,0.17254525554147362,0.0006410046189556863,0.0,0.0,0.0,0.0,0.0,0.0,0.0,0.0,0.0,0.0,10|20|30,268.9537474523554,0.9991616046548559,0.9991616046548557,False,268.9537474523554,0.9991616046548559,0.9991616046548557
ENP3410,survey_stratum,survey_stratum,ENP3410,3622,2405.6692709582417,2405.7139882501706,1.858829576817378e-05,2405.7139882501706,0.0,1.0,29732599,0.0027479662217460574,1.1422663854338016e-06,617.7836105710327,0.25679844469806906,1701.381418890908,0.7072251428061203,3.385919431845158,0.0014074488689771278,0.033829972377751025,1.4062341800804725e-05,83.07589823741111,0.034532741066961796,0.0,0.0,0.0008904594506025314,3.701435228591822e-07,0.049672720923561606,2.0647808162636883e-05,0.0,0.0,0.0,0.0,10|20|30,2319.1677774281625,0.9640247297705749,0.9640247297705749,False,2319.1677774281625,0.9640247297705749,0.9640247297705749
ENP5,survey_stratum,survey_stratum,ENP5,3623,994.5693471746275,994.4695777519389,-0.00010031419425104993,994.4695777519389,0.0,1.0,12269500,0.0,0.0,163.926422786587,0.16483804678786956,826.9746534178668,0.8315736065926672,1.9197232157656252,0.001930399138106648,8.1084900341928e-05,8.153582789855223e-08,1.6308613431163803,0.001639930853192156,0.0,0.0,0.0,0.0,0.017835903702907264,1.793509233658655e-05,0.0,0.0,0.0,0.0,10|20|30,990.9010762044537,0.9964116533805367,0.9964116533805367,False,990.9010762044537,0.9964116533805367,0.9964116533805367
ENP6,survey_stratum,survey_stratum,ENP6,3624,724.3314136075028,724.3282466487951,-4.372250945072764e-06,724.3282466487951,0.0,1.0,8948852,0.0,0.0,153.23985422828457,0.21156133967889554,566.4652520307767,0.7820560010625108,0.008097481383088976,1.117929808833646e-05,0.04800267146258056,6.627198605697288e-05,4.517574125782989,0.006236915578930092,0.0,0.0,0.0,0.0,0.04946611110516265,6.829239551822598e-05,0.0,0.0,0.0,0.0,10|20|30,719.7051062590614,0.9936173407414064,0.9936173407414064,False,719.7051062590614,0.9936173407414064,0.9936173407414064
ENP7,survey_stratum,survey_stratum,ENP7,3625,578.2355918880371,578.3461255318492,0.00019115676268088855,578.3461255318492,0.0,1.0,7145159,0.0,0.0,67.2807154067397,0.11633295778521573,475.4961017881987,0.8221652757696453,0.0,0.0,0.11469741367712617,0.00019831967158360402,34.417395534820756,0.05951003043924673,0.0,0.0,0.0,0.0,1.0372153884129784,0.0017934163343087176,0.0,0.0,0.0,0.0,10|20|30,542.7768171949384,0.938498233554861,0.938498233554861,False,542.7768171949384,0.938498233554861,0.938498233554861
ENP8,survey_stratum,survey_stratum,ENP8,3626,385.0825462750391,385.0794132984558,-8.135857139213165e-06,385.07941329845573,0.0,0.9999999999999999,4762294,0.0,0.0,62.158906506657395,0.16141840970989832,318.6276168699537,0.8274335263490221,0.0,0.0,0.0,0.0,4.250024061728779,0.011036747005830714,0.0,0.0,0.0,0.0,0.042865860115800056,0.00011131693524882587,0.0,0.0,0.0,0.0,10|20|30,380.7865233766111,0.9888519360589204,0.9888519360589203,False,380.7865233766111,0.9888519360589204,0.9888519360589203
ENP9,survey_stratum,survey_stratum,ENP9,3635,572.3639997448824,572.4685498390628,0.00018266364451102746,572.4685498390628,0.0,1.0,7062912,0.0,0.0,338.25485470338776,0.5908706335020165,183.75247698041088,0.32098265840467377,0.0,0.0,0.0,0.0,34.7017696030731,0.06061777474557992,0.0,0.0,14.08477895089513,0.02460358556789672,1.674669601296056,0.0029253477798332384,0.0,0.0,0.0,0.0,10|20|30,522.0073316837986,0.9118532919066903,0.9118532919066903,False,522.0073316837986,0.9118532919066903,0.9118532919066903
ENP11,survey_stratum,survey_stratum,ENP11,3673,2809.4708637599915,2809.3190605987643,-5.40326519079537e-05,2809.319060598764,0.0,0.9999999999999998,34646027,0.025964987687878312,9.242448838240633e-06,1592.998504995385,0.5670407919618291,940.4607865168673,0.3347646765036444,0.013375692845273762,4.76118680603795e-06,0.00316383477101475,1.126192754460729e-06,257.354021035411,0.09160725979645752,0.0,0.0,3.3286988110705056,0.0011848774522467533,15.134544724726348,0.00538726445742359,0.0,0.0,0.0,0.0,10|20|30,2533.48525649994,0.9018147109143116,0.9018147109143115,False,2533.48525649994,0.9018147109143116,0.9018147109143115
ENP12,survey_stratum,survey_stratum,ENP12,3628,1464.3136497096689,1464.3427612570679,1.988067747982214e-05,1464.342761257068,0.0,1.0,18111837,0.020129716902062295,1.3746588185939402e-05,645.200939383817,0.4406078661733151,727.6180474009326,0.4968905277179144,0.0,0.0,1.1528446763328872,0.0007872778879606201,90.25438268586856,0.06163473817317845,0.0,0.0,0.0006463161717988551,4.41369458639604e-07,0.09577107704324647,6.540208998679489e-05,0.0,0.0,0.0,0.0,10|20|30,1372.8391165016515,0.9375121404794154,0.9375121404794156,False,1372.8391165016515,0.9375121404794154,0.9375121404794156
ENP13,survey_stratum,survey_stratum,ENP13,3629,1399.2293709088813,1399.2210974437085,-5.912872717450668e-06,1399.2210974437085,0.0,1.0,17313879,8.0852483343333e-05,5.778392242015616e-08,1019.2124257334408,0.7284141352610246,379.7756727323244,0.2714193442524211,0.0006464558574408293,4.6201122797666837e-07,0.0,0.0,0.2313821418707706,0.00016536496075816157,0.0,0.0,0.0,0.0,0.0008895277317427099,6.357306456912512e-07,0.0,0.0,0.0,0.0,10|20|30,1398.9881793182485,0.9998335372973682,0.9998335372973682,False,1398.9881793182485,0.9998335372973682,0.9998335372973682
ENP14,survey_stratum,survey_stratum,ENP14,3630,1107.497310930049,1107.4739435429362,-2.109927209936746e-05,1107.4739435429362,0.0,1.0,13707906,0.3620571235029772,0.00032692157284054457,976.5014800145689,0.8817376568613692,129.42082222578873,0.1168612796539092,0.795314061237663,0.0007181334295715907,0.00032351382937282323,2.921186825740255e-07,0.0007267918989136815,6.562609469515741e-07,0.0,0.0,0.0,0.0,0.3932198121097051,0.0003550601026799328,0.0,0.0,0.0,0.0,10|20|30,1106.2843593638606,0.9989258580881188,0.9989258580881188,False,1106.2843593638606,0.9989258580881188,0.9989258580881188
ENP15,survey_stratum,survey_stratum,ENP15,3631,2062.855987107488,2062.8780873893597,1.0713439042797646e-05,2062.8780873893597,0.0,0.9999999999999999,25496077,0.02355259921937436,1.1417349073294463e-05,1325.3542927422436,0.6424782447611934,629.008230246346,0.3049177913574023,0.004122000164102763,1.998179237687909e-06,1.1005370239209384,0.0005334959107126414,106.95798622074524,0.051848912873035606,0.0,0.0,0.006719516840796917,3.2573504376599823e-06,0.4226470398797989,0.00020488221890740653,0.0,0.0,0.0,0.0,10|20|30,1954.3860755878088,0.947407453467669,0.9474074534676689,False,1954.3860755878088,0.947407453467669,0.9474074534676689
ENP16,survey_stratum,survey_stratum,ENP16,3633,909.4403217542231,909.4646620896073,2.676408204238534e-05,909.4646620896075,0.0,1.0,11225849,1.0281717481976598,0.0011305241325543184,436.73019548332417,0.4802057888427271,215.85321377914036,0.23734095757298684,0.0035646490295529365,3.919502514108371e-06,1.0261239187869429,0.0011282724459346187,253.3333726767084,0.2785521892567477,0.0,0.0,0.2582239055775963,0.00028392956465652546,1.2317959288426525,0.001354418681878688,0.0,0.0,0.0,0.0,10|20|30,653.6115810106622,0.7186772705482682,0.7186772705482685,False,653.6115810106622,0.7186772705482682,0.7186772705482685
ENP17,survey_stratum,survey_stratum,ENP17,3634,925.8142386657643,925.8272543069972,1.4058588310161824e-05,925.8272543069975,0.0,1.0,11412475,1.635021805808924,0.0017660117459306973,575.0755812580707,0.6211478205926523,187.20580332250546,0.20220381550836203,0.006323617373038083,6.830234629214338e-06,0.4461689079730585,0.0004819137759203535,159.45338987251358,0.17222801460070222,0.0,0.0,0.0319711439598687,3.453251544619933e-05,1.9729943787927293,0.002131061026356974,0.0,0.0,0.0,0.0,10|20|30,763.9164063863851,0.825117647846945,0.8251176478469451,False,763.9164063863851,0.825117647846945,0.8251176478469451
PAN_MAIN,main_pan,main_pan,,,4166.148349998523,4166.196853262196,1.1642231528385949e-05,4166.196853262196,0.0,1.0,51412599,0.0,0.0,5.921248181253113,0.0014212598179600385,144.15517458389382,0.034601143359565004,0.0,0.0,0.0,0.0,3988.789543101333,0.9574174441560653,0.0,0.0,12.493531865696061,0.0029987857765082404,14.837355530019662,0.003561366889901467,0.0,0.0,0.0,0.0,10|20|30,150.07642276514693,0.03602240317752504,0.03602240317752504,True,0.0,0.0,0.0
UNSURVEYED_OTHER,unsurveyed_residual,unsurveyed_residual,,,368.77574318106514,368.72882467565296,-0.00012722774282125648,368.7288246756531,0.0,1.0,4560603,0.013435832358412444,3.643824800035928e-05,216.0484553385824,0.5859277628447579,143.51120748331394,0.38920528550907696,0.21738887584505603,0.0005895630102590406,0.07976058075737953,0.00021631230166922738,8.546337075714455,0.02317783830225943,0.0,0.0,0.04350793434553593,0.00011799439434605377,0.2687315547358394,0.0007288053896307812,0.0,0.0,0.0,0.0,10|20|30,359.5730986542548,0.9751694866018353,0.9751694866018357,False,359.5730986542548,0.9751694866018353,0.9751694866018357
