region_id,survey_area_report_km2,raw_laea_km2,source_micro_parts_to_residual_km2,outside_park_removed_km2,clipped_before_overlap_km2,enclave_removed_km2,other_overlap_removed_km2,priority_rank,final_laea_km2,geometry_vs_report_pct,reverse_priority_final_km2,reverse_priority_minus_primary_km2,reverse_priority_symmetric_difference_km2
ENP1,1728.118,1775.7434484161572,0.0,11.786571856280089,1763.9568765598772,0.0,0.07286336880803108,12,1763.884013191069,2.0696510996974116,1762.0267446344476,-1.8572685566215514,2.0029952942375138
ENP2,259.7612,270.4146361805703,0.0,1.2340486936833261,269.18058748688696,0.0,5.960464477539063e-13,1,269.1805874868864,3.626171840477488,266.1019930948139,-3.078594392072469,3.07859439207235
ENP3410,2396.1,2443.6672411755203,0.0,15.112409118423939,2428.554832057098,0.0,22.885560706896307,14,2405.6692713502016,0.39936861358882414,2428.554832057099,22.88556070689726,22.88556070689407
ENP5,1006.661,999.7893727936766,0.0,2.37505701330471,997.4143157803719,0.0,2.8449688904409407,8,994.569346889931,-1.2011643552366613,982.2875035017861,-12.28184338814485,17.971781169026173
ENP6,701.0328,729.9147413159617,0.0,-2.384185791015625e-13,729.9147413159619,0.0,5.583327734590411,5,724.3314135813715,3.3234698264291707,727.7362762253174,3.404862643945813,7.59302815667372
ENP7,600.6719,578.2355918673614,0.0,-1.0728836059570313e-12,578.2355918673625,0.0,-3.5762786865234376e-13,3,578.2355918673628,-3.735201885195105,571.5639252849841,-6.671666582378745,6.671666582377733
ENP8,441.8536,386.50169206258647,0.0,1.4191457023422123,385.0825463602443,0.0,1.1920928955078126e-12,2,385.0825463602431,-12.848385447070454,383.739630772877,-1.342915587366104,1.3429155873668055
ENP9,665.4298,581.2896780412918,0.0,8.925678505258322,572.3639995360335,0.0,1.6689300537109375e-12,4,572.3639995360319,-13.985817957652047,572.3639995360319,0.0,0.0
ENP11,2811.934,3416.0904036904085,0.0012932806389000244,22.242522153138637,3393.8465882566315,572.3639995360327,12.011725640484332,15,2809.470863080114,-0.08759582977004854,2821.482588720596,12.011725640481949,12.01172564048475
ENP12,1489.425,1466.865546479711,0.0,2.5518966883313654,1464.3136497913795,0.0,4.76837158203125e-13,11,1464.313649791379,-1.6859761457355016,1451.2437893066383,-13.069860484740735,13.069860484740742
ENP13,1427.367,1402.4129890306835,0.044008313538243735,4.76837158203125e-13,1402.3689807171447,0.0,3.139609858128786,10,1399.229370859016,-1.9712960395598333,1400.0725746084706,0.8432037494547368,5.436015966796543
ENP14,1145.296,1121.6134393199675,0.0,14.116127928819656,1107.4973113911478,0.0,2.6226043701171874e-12,9,1107.4973113911453,-3.300342322758021,1103.2205497602424,-4.276761630902767,4.276761630902586
ENP15,2038.162,2066.2949740421213,0.0,0.005429127292871475,2066.2895449148286,0.0,3.433557881443024,13,2062.8559870333856,1.2115811713389713,2066.2895449148336,3.433557881448269,3.433557881448135
ENP16,918.1365,910.6738124153118,0.0,1.23349077667284,909.4403216386389,0.0,2.0265579223632812e-12,6,909.440321638637,-0.9471552826146201,909.440321638637,0.0,0.0
ENP17,921.1887,947.0726091722204,0.0,21.258371017214895,925.8142381550055,0.0,0.0,7,925.8142381550055,0.5021271054459708,925.8142381550055,0.0,0.0
