region_id,region_kind,display_name_zh,geometry_area_km2,survey_area_report_2015_km2,geometry_area_difference_flag,animal_data_status,landcover_year,landcover_valid_coverage,dominant_landcover_code,dominant_landcover_name_zh,tree_share_wc2021,shrub_share_wc2021,grass_share_wc2021,bare_sparse_share_wc2021,permanent_water_share_wc2021,herbaceous_wetland_share_wc2021,other_landcover_share_wc2021,fuel_proxy_raw_area_wc2021_km2,fuel_proxy_baseline_area_wc2021_km2,main_pan_fuel_mask_applied,candidate_count_Ct_2015,candidate_count_Eb_2015,candidate_count_Gc_2015,candidate_count_La_2015,candidate_count_Og_2015,candidate_count_Sc_2015
ENP1,survey_stratum,ENP1调查统计单元,1763.884013232535,1728.118,False,historical_candidates_with_quality_flags,2021,1.0,30,草地,5.95579778630291e-07,0.41033476194202334,0.5681452067095287,0.01573635431664179,6.880482530121688e-07,5.500896609960002e-07,0.005781843314113513,1725.9185618162096,1725.9185618162096,False,915.0,3043.0,578.0,405.0,640.0,448.0
ENP2,survey_stratum,ENP2调查统计单元,269.18058749365116,259.7612,False,historical_candidates_with_quality_flags,2021,0.9999999999999998,30,草地,0.0,0.12895034302728345,0.8702112616275725,0.0006410046189556863,0.0,0.0,0.00019739072618850482,268.9537474523554,268.9537474523554,False,56.0,828.0,104.0,91.0,326.0,113.0
ENP3410,survey_stratum,ENP3、4、10合并调查单元,2405.6692714354785,2396.1,False,historical_candidates_with_quality_flags,2021,1.0,30,草地,1.1422663854338016e-06,0.25679844469806906,0.7072251428061203,0.034532741066961796,3.701435228591822e-07,2.0647808162636883e-05,0.0014215112107779325,2319.1677774281625,2319.1677774281625,False,112.0,1082.0,448.0,0,535.0,535.0
ENP5,survey_stratum,ENP5调查统计单元,994.5693469249248,1006.661,False,historical_candidates_with_quality_flags,2021,1.0,30,草地,0.0,0.16483804678786956,0.8315736065926672,0.001639930853192156,0.0,1.793509233658655e-05,0.0019304806739345467,990.9010762044537,990.9010762044537,False,103.0,560.0,78.0,84.0,333.0,258.0
ENP6,survey_stratum,ENP6调查统计单元,724.3314136075037,701.0328,False,historical_candidates_with_quality_flags,2021,1.0,30,草地,0.0,0.21156133967889554,0.7820560010625108,0.006236915578930092,0.0,6.829239551822598e-05,7.745128414530933e-05,719.7051062590614,719.7051062590614,False,581.0,284.0,0,68.0,185.0,53.0
ENP7,survey_stratum,ENP7调查统计单元,578.2355918880318,600.6719,False,historical_candidates_with_quality_flags,2021,1.0,30,草地,0.0,0.11633295778521573,0.8221652757696453,0.05951003043924673,0.0,0.0017934163343087176,0.00019831967158360402,542.7768171949384,542.7768171949384,False,249.0,854.0,141.0,160.0,186.0,211.0
ENP8,survey_stratum,ENP8调查统计单元,385.082546373341,441.8536,True,historical_candidates_with_quality_flags,2021,0.9999999999999999,30,草地,0.0,0.16141840970989832,0.8274335263490221,0.011036747005830714,0.0,0.00011131693524882587,0.0,380.7865233766111,380.7865233766111,False,0,534.0,79.0,0,257.0,158.0
ENP9,survey_stratum,ENP9调查统计单元,572.3639995566231,665.4298,True,historical_candidates_with_quality_flags,2021,1.0,20,灌丛,0.0,0.5908706335020165,0.32098265840467377,0.06061777474557992,0.02460358556789672,0.0029253477798332384,0.0,522.0073316837986,522.0073316837986,False,0,26.0,0,271.0,58.0,33.0
ENP11,survey_stratum,ENP11调查统计单元,2809.470863178253,2811.934,False,historical_candidates_with_quality_flags,2021,0.9999999999999998,20,灌丛,9.242448838240633e-06,0.5670407919618291,0.3347646765036444,0.09160725979645752,0.0011848774522467533,0.00538726445742359,5.887379560498679e-06,2533.48525649994,2533.48525649994,False,25.0,611.0,75.0,0,212.0,961.0
ENP12,survey_stratum,ENP12调查统计单元,1464.3136498436747,1489.425,False,historical_candidates_with_quality_flags,2021,1.0,30,草地,1.3746588185939402e-05,0.4406078661733151,0.4968905277179144,0.06163473817317845,4.41369458639604e-07,6.540208998679489e-05,0.0007872778879606201,1372.8391165016515,1372.8391165016515,False,872.0,609.0,261.0,300.0,557.0,288.0
ENP13,survey_stratum,ENP13调查统计单元,1399.2293709088808,1427.367,False,historical_candidates_with_quality_flags,2021,1.0,20,灌丛,5.778392242015616e-08,0.7284141352610246,0.2714193442524211,0.00016536496075816157,0.0,6.357306456912512e-07,4.6201122797666837e-07,1398.9881793182485,1398.9881793182485,False,44.0,1091.0,124.0,65.0,186.0,94.0
ENP14,survey_stratum,ENP14调查统计单元,1107.4973114279728,1145.296,False,historical_candidates_with_quality_flags,2021,1.0,20,灌丛,0.00032692157284054457,0.8817376568613692,0.1168612796539092,6.562609469515741e-07,0.0,0.0003550601026799328,0.0007184255482541647,1106.2843593638606,1106.2843593638606,False,0,12.0,61.0,12.0,12.0,37.0
ENP15,survey_stratum,ENP15调查统计单元,2062.8559871057746,2038.162,False,historical_candidates_with_quality_flags,2021,0.9999999999999999,20,灌丛,1.1417349073294463e-05,0.6424782447611934,0.3049177913574023,0.051848912873035606,3.2573504376599823e-06,0.00020488221890740653,0.0005354940899503293,1954.3860755878088,1954.3860755878088,False,903.0,3282.0,400.0,549.0,155.0,142.0
ENP16,survey_stratum,ENP16调查统计单元,909.4403216695301,918.1365,False,historical_candidates_with_quality_flags,2021,1.0,20,灌丛,0.0011305241325543184,0.4802057888427271,0.23734095757298684,0.2785521892567477,0.00028392956465652546,0.001354418681878688,0.0011321919484487272,653.6115810106622,653.6115810106622,False,347.0,686.0,359.0,458.0,234.0,123.0
ENP17,survey_stratum,ENP17调查统计单元,925.8142381847515,921.1887,False,historical_candidates_with_quality_flags,2021,1.0,20,灌丛,0.0017660117459306973,0.6211478205926523,0.20220381550836203,0.17222801460070222,3.453251544619933e-05,0.002131061026356974,0.0004887440105495679,763.9164063863851,763.9164063863851,False,0,730.0,464.0,448.0,232.0,241.0
PAN_MAIN,main_pan,主盐沼近似区,4166.148349940353,,,unknown_not_zero,2021,1.0,60,裸地/稀疏植被,0.0,0.0014212598179600385,0.034601143359565004,0.9574174441560653,0.0029987857765082404,0.003561366889901467,0.0,150.07642276514693,0.0,True,,,,,,
UNSURVEYED_OTHER,unsurveyed_residual,其他调查外残余,368.7757442373505,,,unknown_not_zero,2021,1.0,20,灌丛,3.643824800035928e-05,0.5859277628447579,0.38920528550907696,0.02317783830225943,0.00011799439434605377,0.0007288053896307812,0.0008058753119282679,359.5730986542548,359.5730986542548,False,,,,,,
