region_id,region_kind,display_name_zh,aed_stratum_id,census_year,animal_count_status,survey_area_report_km2,area_laea_km2,geometry_vs_report_pct,geometry_quality,area_difference_flag,n_components,area_km2
ENP1,survey_stratum,ENP1调查统计单元,3620.0,2015.0,historical_source_table,1728.118,1763.884013191069,2.0696510996974116,generalized_public_map_topology_repaired,False,1,1763.884013232535
ENP2,survey_stratum,ENP2调查统计单元,3621.0,2015.0,historical_source_table,259.7612,269.1805874868864,3.626171840477488,generalized_public_map_topology_repaired,False,1,269.18058749365116
ENP3410,survey_stratum,ENP3、4、10合并调查单元,3622.0,2015.0,historical_source_table,2396.1,2405.6692713502016,0.39936861358882414,generalized_public_map_topology_repaired,False,3,2405.6692714354785
ENP5,survey_stratum,ENP5调查统计单元,3623.0,2015.0,historical_source_table,1006.661,994.569346889931,-1.2011643552366613,generalized_public_map_topology_repaired,False,1,994.5693469249248
ENP6,survey_stratum,ENP6调查统计单元,3624.0,2015.0,historical_source_table,701.0328,724.3314135813715,3.3234698264291707,generalized_public_map_topology_repaired,False,2,724.3314136075037
ENP7,survey_stratum,ENP7调查统计单元,3625.0,2015.0,historical_source_table,600.6719,578.2355918673628,-3.735201885195105,generalized_public_map_topology_repaired,False,1,578.2355918880318
ENP8,survey_stratum,ENP8调查统计单元,3626.0,2015.0,historical_source_table,441.8536,385.0825463602431,-12.848385447070454,generalized_public_map_topology_repaired,True,1,385.082546373341
ENP9,survey_stratum,ENP9调查统计单元,3635.0,2015.0,historical_source_table,665.4298,572.3639995360319,-13.985817957652047,generalized_public_map_topology_repaired,True,1,572.3639995566231
ENP11,survey_stratum,ENP11调查统计单元,3673.0,2015.0,historical_source_table,2811.934,2809.470863080114,-0.08759582977004854,generalized_public_map_topology_repaired,False,1,2809.470863178253
ENP12,survey_stratum,ENP12调查统计单元,3628.0,2015.0,historical_source_table,1489.425,1464.313649791379,-1.6859761457355016,generalized_public_map_topology_repaired,False,1,1464.3136498436747
ENP13,survey_stratum,ENP13调查统计单元,3629.0,2015.0,historical_source_table,1427.367,1399.229370859016,-1.9712960395598333,generalized_public_map_topology_repaired,False,1,1399.2293709088808
ENP14,survey_stratum,ENP14调查统计单元,3630.0,2015.0,historical_source_table,1145.296,1107.4973113911453,-3.300342322758021,generalized_public_map_topology_repaired,False,1,1107.4973114279728
ENP15,survey_stratum,ENP15调查统计单元,3631.0,2015.0,historical_source_table,2038.162,2062.8559870333856,1.2115811713389713,generalized_public_map_topology_repaired,False,1,2062.8559871057746
ENP16,survey_stratum,ENP16调查统计单元,3633.0,2015.0,historical_source_table,918.1365,909.440321638637,-0.9471552826146201,generalized_public_map_topology_repaired,False,1,909.4403216695301
ENP17,survey_stratum,ENP17调查统计单元,3634.0,2015.0,historical_source_table,921.1887,925.8142381550055,0.5021271054459708,generalized_public_map_topology_repaired,False,1,925.8142381847515
PAN_MAIN,main_pan,主盐沼近似区,,,unknown_not_zero,,4166.148349798149,,approx_pan_from_unsurveyed_residual_and_figure1,,1,4166.148349940353
UNSURVEYED_OTHER,unsurveyed_residual,其他调查外残余,,,unknown_not_zero,,368.7757442379208,,unsurveyed_unknown_and_boundary_slivers,,172,368.7757442373505
