region_a,region_b,minimum_distance_m,shared_boundary_m,relationship,routing_use_allowed
ENP1,ENP2,0.0,2265.0823382105436,shared_boundary,False
ENP1,ENP3410,0.0,11324.843455264401,shared_boundary,False
ENP1,UNSURVEYED_OTHER,0.0,107386.07090030462,shared_boundary,False
ENP2,ENP3410,0.0,7721.438466114723,shared_boundary,False
ENP2,ENP5,0.0,7589.966691642022,shared_boundary,False
ENP2,UNSURVEYED_OTHER,0.0,52629.126118940025,shared_boundary,False
ENP3410,ENP5,0.0,17464.249252496094,shared_boundary,False
ENP3410,ENP6,0.0,7192.521359544129,shared_boundary,False
ENP3410,ENP7,0.0,442.71707788592346,shared_boundary,False
ENP3410,ENP8,0.0,22109.806676635744,shared_boundary,False
ENP3410,ENP11,35.54591836730661,0.0,near_boundary_within_500m,False
ENP3410,ENP12,0.0,47381.874980761735,shared_boundary,False
ENP3410,UNSURVEYED_OTHER,0.0,284078.8576357316,shared_boundary,False
ENP5,ENP6,199.47635854281614,0.0,near_boundary_within_500m,False
ENP5,ENP11,0.0,37104.31436345007,shared_boundary,False
ENP5,UNSURVEYED_OTHER,0.0,65441.882398909525,shared_boundary,False
ENP6,ENP7,0.0,20598.193155252688,shared_boundary,False
ENP6,ENP11,0.0,14132.523806656716,shared_boundary,False
ENP6,UNSURVEYED_OTHER,0.0,70638.14479084633,shared_boundary,False
ENP7,ENP8,0.0,0.0,point_or_numeric_touch,False
ENP7,ENP11,0.0,7359.789201285638,shared_boundary,False
ENP7,UNSURVEYED_OTHER,0.0,69297.83251448612,shared_boundary,False
ENP8,UNSURVEYED_OTHER,0.0,51114.159849588264,shared_boundary,False
ENP9,ENP11,0.0,77784.16011655077,shared_boundary,False
ENP9,UNSURVEYED_OTHER,271.7393969521785,0.0,near_boundary_within_500m,False
ENP11,PAN_MAIN,0.0,97902.95619517179,shared_boundary,False
ENP11,UNSURVEYED_OTHER,0.0,157593.957178665,shared_boundary,False
ENP12,ENP13,14.324778660025403,0.0,near_boundary_within_500m,False
ENP12,ENP15,82.88805903822474,0.0,near_boundary_within_500m,False
ENP12,PAN_MAIN,0.0,71143.22959504387,shared_boundary,False
ENP12,UNSURVEYED_OTHER,0.0,85938.34591709652,shared_boundary,False
ENP13,ENP14,0.0,7663.880224256883,shared_boundary,False
ENP13,ENP15,0.0,7791.501109841679,shared_boundary,False
ENP13,UNSURVEYED_OTHER,0.0,147866.2473315512,shared_boundary,False
ENP14,ENP15,0.0,10773.59009568573,shared_boundary,False
ENP14,UNSURVEYED_OTHER,0.0,118263.22676824982,shared_boundary,False
ENP15,ENP16,0.4108054549767913,0.0,near_boundary_within_500m,False
ENP15,PAN_MAIN,0.0,50395.60204458121,shared_boundary,False
ENP15,UNSURVEYED_OTHER,0.0,161118.3213755306,shared_boundary,False
ENP16,ENP17,0.08810781264136841,0.0,near_boundary_within_500m,False
ENP16,PAN_MAIN,0.0,23104.150946825743,shared_boundary,False
ENP16,UNSURVEYED_OTHER,0.0,84776.09199706338,shared_boundary,False
ENP17,PAN_MAIN,0.0,23325.305121329162,shared_boundary,False
ENP17,UNSURVEYED_OTHER,0.0,41483.453447363754,shared_boundary,False
PAN_MAIN,UNSURVEYED_OTHER,0.0,11533.773451708063,shared_boundary,False
