region_id,region_kind,census_year,species_code,species_name_zh,species_report_taxon,species_adoption,animal_data_status,survey_area_report_km2,geometry_area_km2,density_denominator,model_weight_is_assumption,candidate_weight,no_seen,ci_lower,count_estimate,ci_upper,variance,ci_halfwidth,ci_percent_as_printed,density_as_printed_per_km2,raw_line,quality_flags,source_table,source_pdf_page,density_from_estimate_per_km2,ci_halfwidth_over_estimate,candidate_baseline_count,recommended_core_input
ENP1,survey_stratum,2015,Ab,红狷羚,Alcelaphus buselaphus,hold_row_check,source_row_preserved,1728.118,1763.884013232535,survey_area_report_km2,True,2,50.0,49.0,154.0,260.0,2720.8,105.0,68.24,0.09,ENP1  50  49  154  260  2720.8  105  68.24%  0.09,[],3,7,0.08911428501988869,0.6818181818181818,154.0,False
ENP1,survey_stratum,2015,Am,跳羚,Antidorcas marsupialis,hold_invalid_estimate,source_row_preserved,1728.118,1763.884013232535,survey_area_report_km2,True,1,204.0,204.0,630.0,1080.0,49531.3,450.0,71.36,0.36,ENP1  204  204  630  1080  49531.3  450  71.36%  0.36,[],4,8,0.3645584387177265,0.7142857142857143,630.0,False
ENP1,survey_stratum,2015,Ct,蓝角马,Connochaetes taurinus,core_with_flags,source_row_preserved,1728.118,1763.884013232535,survey_area_report_km2,True,2,296.0,391.0,915.0,1438.0,67201.5,524.0,57.29,0.53,ENP1  296  391  915  1438  67201.5  524  57.29%  0.53,[],5,8,0.5294777324233646,0.5726775956284152,915.0,True
ENP1,survey_stratum,2015,Db,黑犀牛,Diceros bicornis,hold_source_conflicts,source_row_preserved,1728.118,1763.884013232535,survey_area_report_km2,True,3,53.0,101.0,164.0,226.0,963.6,63.0,38.13,0.09,ENP1  53  101  164  226  963.6  63  38.13  0.09,[],6,9,0.09490092690429705,0.38414634146341464,164.0,False
ENP1,survey_stratum,2015,Eb,平原斑马,Equus burchelli / Equus quagga,core_with_flags,source_row_preserved,1728.118,1763.884013232535,survey_area_report_km2,True,3,985.0,2311.0,3043.0,3776.0,131352.1,732.0,24.07,1.76,ENP1  985  2311  3043  3776  131352.1  732  24.07%  1.76,[],7,9,1.7608751254254629,0.2405520867564903,3043.0,True
ENP1,survey_stratum,2015,Hz,哈特曼山斑马,Equus zebra hartmannae,optional_partial_rows,source_row_preserved,1728.118,1763.884013232535,survey_area_report_km2,True,3,295.0,346.0,869.0,1392.0,66931.8,523.0,60.18,0.5,ENP1  295  346  869  1392  66931.8  523  60.18%  0.50,[],8,10,0.5028591797550862,0.6018411967779056,869.0,False
ENP1,survey_stratum,2015,Gc,长颈鹿,Giraffa camelopardalis (report aggregate),core_with_flags,source_row_preserved,1728.118,1763.884013232535,survey_area_report_km2,True,3,187.0,406.0,578.0,750.0,7243.0,172.0,29.77,0.33,ENP1  187  406  578  750  7243.0  172  29.77%  0.33,[],9,10,0.334467900918803,0.2975778546712803,578.0,True
ENP1,survey_stratum,2015,La,非洲草原象,Loxodonta africana,core_with_flags,source_row_preserved,1728.118,1763.884013232535,survey_area_report_km2,True,3,131.0,191.0,405.0,619.0,11210.2,214.0,52.87,0.23,ENP1  131  191  405  619  11210.2  214  52.87%  0.23,[],10,11,0.23435899631853843,0.528395061728395,405.0,True
ENP1,survey_stratum,2015,Og,南非剑羚,Oryx gazella,core_with_flags,source_row_preserved,1728.118,1763.884013232535,survey_area_report_km2,True,1,27.0,433.0,640.0,846.0,10436.9,206.0,32.28,0.37,ENP1  27  433  640  846  10436.9  206  32.28%  0.37,"[""sampling_expansion_crosscheck_requires_review""]",11,11,0.37034508060213484,0.321875,640.0,True
ENP1,survey_stratum,2015,Sc,鸵鸟,Struthio camelus,core_with_flags,source_row_preserved,1728.118,1763.884013232535,survey_area_report_km2,True,2,145.0,315.0,448.0,581.0,4302.8,133.0,29.59,0.26,ENP1  145  315  448  581  4302.8  133  29.59%  0.26,[],12,12,0.2592415564214944,0.296875,448.0,True
ENP1,survey_stratum,2015,To,大羚羊（Eland）,Taurotragus oryx,hold_source_conflicts,source_row_preserved,1728.118,1763.884013232535,survey_area_report_km2,True,2,57.0,57.0,168.0,280.0,3073.5,112.0,66.74,0.1,ENP1 57  57  168  280  3073.5  112  66.74%  0.10,[],13,12,0.09721558365806039,0.6666666666666666,168.0,False
ENP2,survey_stratum,2015,Ab,红狷羚,Alcelaphus buselaphus,hold_row_check,source_row_preserved,259.7612,269.18058749365116,survey_area_report_km2,True,2,9.0,9.0,28.0,51.0,123.6,23.0,81.49,0.11,ENP2  9 9 28  51  123.6  23  81.49%  0.11,[],3,7,0.10779130986459873,0.8214285714285714,28.0,False
ENP2,survey_stratum,2015,Am,跳羚,Antidorcas marsupialis,hold_invalid_estimate,source_row_preserved,259.7612,269.18058749365116,survey_area_report_km2,True,1,316.0,456.0,991.0,1526.0,66825.0,535.0,53.96,3.82,ENP2  316  456  991  1526  66825.0  535  53.96%  3.82,[],4,8,3.8150424312791906,0.5398587285570131,991.0,False
ENP2,survey_stratum,2015,Ct,蓝角马,Connochaetes taurinus,core_with_flags,source_row_preserved,259.7612,269.18058749365116,survey_area_report_km2,True,2,18.0,18.0,56.0,131.0,1305.2,75.0,132.4,0.22,ENP2  18  18  56  131  1305.2  75  132.40%  0.22,[],5,8,0.21558261972919746,1.3392857142857142,56.0,True
ENP2,survey_stratum,2015,Db,黑犀牛,Diceros bicornis,hold_source_conflicts,source_row_preserved,259.7612,269.18058749365116,survey_area_report_km2,True,3,21.0,37.0,66.0,95.0,194.5,29.0,43.18,0.25,ENP2  21  37  66  95  194.5  29  43.18%  0.25,[],6,9,0.25407951610941126,0.4393939393939394,66.0,False
ENP2,survey_stratum,2015,Eb,平原斑马,Equus burchelli / Equus quagga,core_with_flags,source_row_preserved,259.7612,269.18058749365116,survey_area_report_km2,True,3,264.0,535.0,828.0,1121.0,20095.5,293.0,35.42,3.19,ENP2  264  535  828  1121  20095.5  293  35.42%  3.19,[],7,9,3.187543020281705,0.3538647342995169,828.0,True
ENP2,survey_stratum,2015,Hz,哈特曼山斑马,Equus zebra hartmannae,optional_partial_rows,source_row_preserved,259.7612,269.18058749365116,survey_area_report_km2,True,3,2.0,2.0,6.0,14.0,14.7,8.0,133.92,0.02,ENP2  2 2 6 14  14.7  8 133.92%  0.02,[],8,10,0.0230981378281283,1.3333333333333333,6.0,False
ENP2,survey_stratum,2015,Gc,长颈鹿,Giraffa camelopardalis (report aggregate),core_with_flags,source_row_preserved,259.7612,269.18058749365116,survey_area_report_km2,True,3,33.0,66.0,104.0,141.0,329.5,38.0,36.28,0.4,ENP2  33  66  104  141  329.5  38  36.28%  0.40,[],9,10,0.40036772235422385,0.36538461538461536,104.0,True
ENP2,survey_stratum,2015,La,非洲草原象,Loxodonta africana,core_with_flags,source_row_preserved,259.7612,269.18058749365116,survey_area_report_km2,True,3,29.0,29.0,91.0,161.0,1153.5,70.0,77.26,0.35,ENP2  29  29  91  161  1153.5  70  77.26%  0.35,[],10,11,0.35032175705994584,0.7692307692307693,91.0,True
ENP2,survey_stratum,2015,Og,南非剑羚,Oryx gazella,core_with_flags,source_row_preserved,259.7612,269.18058749365116,survey_area_report_km2,True,1,104.0,169.0,326.0,484.0,5801.9,158.0,48.31,1.25,ENP2  104  169  326  484  5801.9  158  48.31%  1.25,[],11,11,1.2549988219949708,0.48466257668711654,326.0,True
ENP2,survey_stratum,2015,Sc,鸵鸟,Struthio camelus,core_with_flags,source_row_preserved,259.7612,269.18058749365116,survey_area_report_km2,True,2,36.0,45.0,113.0,181.0,1075.2,68.0,60.09,0.44,ENP2  36  45  113  181  1075.2  68  60.09%  0.44,[],12,12,0.4350149290964163,0.6017699115044248,113.0,True
ENP2,survey_stratum,2015,To,大羚羊（Eland）,Taurotragus oryx,hold_source_conflicts,source_row_preserved,259.7612,269.18058749365116,survey_area_report_km2,True,2,,,,,,,,0.0,ENP2            0.00,"[""blank_count_with_source_zero_density"", ""baseline_zero_is_explicit_nondetection_assumption""]",13,12,,,0,False
ENP3410,survey_stratum,2015,Ab,红狷羚,Alcelaphus buselaphus,hold_row_check,source_row_preserved,2396.1,2405.6692714354785,survey_area_report_km2,True,2,9.0,9.0,112.0,295.0,7970.8,183.0,163.09,0.05,ENP3410  9 9 112  295  7970.8  183  163.09%  0.05,[],3,7,0.04674262342974,1.6339285714285714,112.0,False
ENP3410,survey_stratum,2015,Am,跳羚,Antidorcas marsupialis,hold_invalid_estimate,source_row_preserved,2396.1,2405.6692714354785,survey_area_report_km2,True,1,72.0,72.0,896.0,1726.0,165080.5,831.0,92.78,0.37,ENP3410  72  72  896  1726  165080.5  831  92.78%  0.37,[],4,8,0.37394098743792,0.9274553571428571,896.0,False
ENP3410,survey_stratum,2015,Ct,蓝角马,Connochaetes taurinus,core_with_flags,source_row_preserved,2396.1,2405.6692714354785,survey_area_report_km2,True,2,9.0,9.0,112.0,317.0,10075.2,205.0,183.36,0.05,ENP3410  9 9 112  317  10075.2  205  183.36%  0.05,[],5,8,0.04674262342974,1.8303571428571428,112.0,True
ENP3410,survey_stratum,2015,Db,黑犀牛,Diceros bicornis,hold_source_conflicts,source_row_preserved,2396.1,2405.6692714354785,survey_area_report_km2,True,3,11.0,43.0,137.0,231.0,2112.2,94.0,68.69,0.06,ENP3410  11  43  137  231  2112.2  94  68.69%  0.06,[],6,9,0.057176244731021245,0.6861313868613139,137.0,False
ENP3410,survey_stratum,2015,Eb,平原斑马,Equus burchelli / Equus quagga,core_with_flags,source_row_preserved,2396.1,2405.6692714354785,survey_area_report_km2,True,3,87.0,87.0,1082.0,2322.0,367837.6,1240.0,114.61,0.45,ENP3410  87  87  1082  2322  367837.6  1240  114.61%  0.45,[],7,9,0.45156712991945247,1.146025878003697,1082.0,True
ENP3410,survey_stratum,2015,Hz,哈特曼山斑马,Equus zebra hartmannae,optional_partial_rows,source_row_preserved,2396.1,2405.6692714354785,survey_area_report_km2,True,3,,,,,,,,,ENP3410,"[""source_blank_row""]",8,10,,,,False
ENP3410,survey_stratum,2015,Gc,长颈鹿,Giraffa camelopardalis (report aggregate),core_with_flags,source_row_preserved,2396.1,2405.6692714354785,survey_area_report_km2,True,3,36.0,218.0,448.0,678.0,12630.1,230.0,51.33,0.19,ENP3410  36  218  448  678  12630.1  230  51.33%  0.19,[],9,10,0.18697049371896,0.5133928571428571,448.0,True
ENP3410,survey_stratum,2015,La,非洲草原象,Loxodonta africana,core_with_flags,source_row_preserved,2396.1,2405.6692714354785,survey_area_report_km2,True,3,,,,,,,,0.0,ENP3410             0.00,"[""blank_count_with_source_zero_density"", ""baseline_zero_is_explicit_nondetection_assumption""]",10,11,,,0,True
ENP3410,survey_stratum,2015,Og,南非剑羚,Oryx gazella,core_with_flags,source_row_preserved,2396.1,2405.6692714354785,survey_area_report_km2,True,1,43.0,254.0,535.0,815.0,18803.8,280.0,52.43,0.22,ENP3410  43  254  535  815  18803.8  280  52.43%  0.22,[],11,11,0.22327949584741874,0.5233644859813084,535.0,True
ENP3410,survey_stratum,2015,Sc,鸵鸟,Struthio camelus,core_with_flags,source_row_preserved,2396.1,2405.6692714354785,survey_area_report_km2,True,2,43.0,303.0,535.0,767.0,12896.1,232.0,43.42,0.22,ENP3410  43  303  535  767  12896.1  232  43.42%  0.22,[],12,12,0.22327949584741874,0.4336448598130841,535.0,True
ENP3410,survey_stratum,2015,To,大羚羊（Eland）,Taurotragus oryx,hold_source_conflicts,source_row_preserved,2396.1,2405.6692714354785,survey_area_report_km2,True,2,3.0,3.0,35.0,77.0,435.9,43.0,123.03,0.01,ENP3410  3 3 35  77  435.9  43  123.03%  0.01,[],13,12,0.014607069821793748,1.2285714285714286,35.0,False
ENP5,survey_stratum,2015,Ab,红狷羚,Alcelaphus buselaphus,hold_row_check,source_row_preserved,1006.661,994.5693469249248,survey_area_report_km2,True,2,50.0,64.0,155.0,247.0,1988.4,91.0,58.56,0.15,ENP5  50  64  155  247  1988.4  91  58.56%  0.15,[],3,7,0.15397437667695482,0.5870967741935483,155.0,False
ENP5,survey_stratum,2015,Am,跳羚,Antidorcas marsupialis,hold_invalid_estimate,source_row_preserved,1006.661,994.5693469249248,survey_area_report_km2,True,1,222.0,227.0,690.0,1154.0,51584.1,464.0,67.18,0.69,ENP5  222  227  690  1154  51584.1  464  67.18%  0.69,[],4,8,0.6854343219812827,0.672463768115942,690.0,False
ENP5,survey_stratum,2015,Ct,蓝角马,Connochaetes taurinus,core_with_flags,source_row_preserved,1006.661,994.5693469249248,survey_area_report_km2,True,2,33.0,33.0,103.0,244.0,4769.4,141.0,137.41,0.1,ENP5  33  33  103  244  4769.4  141  137.41%  0.10,[],5,8,0.1023184567595248,1.3689320388349515,103.0,True
ENP5,survey_stratum,2015,Db,黑犀牛,Diceros bicornis,hold_source_conflicts,source_row_preserved,1006.661,994.5693469249248,survey_area_report_km2,True,3,15.0,17.0,47.0,76.0,206.1,29.0,62.84,0.05,ENP5  15  17  47  76  206.1  29  62.84%  0.05,[],6,9,0.04668900454075404,0.6170212765957447,47.0,False
ENP5,survey_stratum,2015,Eb,平原斑马,Equus burchelli / Equus quagga,core_with_flags,source_row_preserved,1006.661,994.5693469249248,survey_area_report_km2,True,3,180.0,180.0,560.0,978.0,42013.7,419.0,74.77,0.56,ENP5  180  180  560  978  42013.7  419  74.77%  0.56,[],7,9,0.5562945221877077,0.7482142857142857,560.0,True
ENP5,survey_stratum,2015,Hz,哈特曼山斑马,Equus zebra hartmannae,optional_partial_rows,source_row_preserved,1006.661,994.5693469249248,survey_area_report_km2,True,3,,,,,,,,,ENP5,"[""source_blank_row""]",8,10,,,,False
ENP5,survey_stratum,2015,Gc,长颈鹿,Giraffa camelopardalis (report aggregate),core_with_flags,source_row_preserved,1006.661,994.5693469249248,survey_area_report_km2,True,3,25.0,25.0,78.0,130.0,657.9,52.0,67.37,0.08,ENP5  25  25  78  130  657.9  52  67.37%  0.08,[],9,10,0.07748387987614501,0.6666666666666666,78.0,True
ENP5,survey_stratum,2015,La,非洲草原象,Loxodonta africana,core_with_flags,source_row_preserved,1006.661,994.5693469249248,survey_area_report_km2,True,3,27.0,27.0,84.0,140.0,765.8,57.0,67.3,0.08,ENP5  27  27  84  140  765.8  57  67.30%  0.08,[],10,11,0.08344417832815616,0.6785714285714286,84.0,True
ENP5,survey_stratum,2015,Og,南非剑羚,Oryx gazella,core_with_flags,source_row_preserved,1006.661,994.5693469249248,survey_area_report_km2,True,1,107.0,208.0,333.0,458.0,3750.8,125.0,37.58,0.33,ENP5  107  208  333  458  3750.8  125  37.58%  0.33,[],11,11,0.33079656408661906,0.37537537537537535,333.0,True
ENP5,survey_stratum,2015,Sc,鸵鸟,Struthio camelus,core_with_flags,source_row_preserved,1006.661,994.5693469249248,survey_area_report_km2,True,2,83.0,199.0,258.0,318.0,848.0,59.0,23.04,0.26,ENP5  83  199  258  318  848.0  59  23.04%  0.26,[],12,12,0.25629283343647963,0.22868217054263565,258.0,True
ENP5,survey_stratum,2015,To,大羚羊（Eland）,Taurotragus oryx,hold_source_conflicts,source_row_preserved,1006.661,994.5693469249248,survey_area_report_km2,True,2,70.0,103.0,211.0,319.0,2810.0,108.0,51.3,0.21,ENP5 70  103  211  319  2810.0  108  51.30%  0.21,[],13,12,0.2096038288957256,0.5118483412322274,211.0,False
ENP6,survey_stratum,2015,Ab,红狷羚,Alcelaphus buselaphus,hold_row_check,source_row_preserved,701.0328,724.3314136075037,survey_area_report_km2,True,2,23.0,23.0,142.0,391.0,13282.2,249.0,175.23,0.2,ENP6  23  23  142  391  13282.2  249  175.23%  0.20,[],3,7,0.20255828257964537,1.7535211267605635,142.0,False
ENP6,survey_stratum,2015,Am,跳羚,Antidorcas marsupialis,hold_invalid_estimate,source_row_preserved,701.0328,724.3314136075037,survey_area_report_km2,True,1,18.0,18.0,11.0,236.0,3322.4,125.0,111.98,0.02,ENP6  18  18  11  236  3322.4  125  111.98%  0.02,"[""estimate_outside_reported_ci"", ""estimate_below_observed_count"", ""ci_percentage_inconsistent""]",4,8,0.015691134566028865,11.363636363636363,11.0,False
ENP6,survey_stratum,2015,Ct,蓝角马,Connochaetes taurinus,core_with_flags,source_row_preserved,701.0328,724.3314136075037,survey_area_report_km2,True,2,94.0,94.0,581.0,1212.0,85402.5,631.0,108.72,0.83,ENP6  94  94  581  1212  85402.5  631  108.72%  0.83,[],5,8,0.8287771984420701,1.0860585197934596,581.0,True
ENP6,survey_stratum,2015,Db,黑犀牛,Diceros bicornis,hold_source_conflicts,source_row_preserved,701.0328,724.3314136075037,survey_area_report_km2,True,3,2.0,2.0,12.0,26.0,61.3,17.0,136.84,0.02,ENP6  2 2 12  26  61.3  17  136.84%  0.02,[],6,9,0.017117601344758763,1.4166666666666667,12.0,False
ENP6,survey_stratum,2015,Eb,平原斑马,Equus burchelli / Equus quagga,core_with_flags,source_row_preserved,701.0328,724.3314136075037,survey_area_report_km2,True,3,46.0,46.0,284.0,754.0,47332.4,470.0,165.4,0.41,ENP6  46  46  284  754  47332.4  470  165.40%  0.41,[],7,9,0.40511656515929073,1.6549295774647887,284.0,True
ENP6,survey_stratum,2015,Hz,哈特曼山斑马,Equus zebra hartmannae,optional_partial_rows,source_row_preserved,701.0328,724.3314136075037,survey_area_report_km2,True,3,,,,,,,,,ENP6,"[""source_blank_row""]",8,10,,,,False
ENP6,survey_stratum,2015,Gc,长颈鹿,Giraffa camelopardalis (report aggregate),core_with_flags,source_row_preserved,701.0328,724.3314136075037,survey_area_report_km2,True,3,,,,,,,,0.0,ENP6             0.00,"[""blank_count_with_source_zero_density"", ""baseline_zero_is_explicit_nondetection_assumption""]",9,10,,,0,True
ENP6,survey_stratum,2015,La,非洲草原象,Loxodonta africana,core_with_flags,source_row_preserved,701.0328,724.3314136075037,survey_area_report_km2,True,3,11.0,11.0,68.0,167.0,2088.0,99.0,145.27,0.1,ENP6  11  11  68  167  2088.0  99  145.27%  0.10,[],10,11,0.09699974095363299,1.4558823529411764,68.0,True
ENP6,survey_stratum,2015,Og,南非剑羚,Oryx gazella,core_with_flags,source_row_preserved,701.0328,724.3314136075037,survey_area_report_km2,True,1,30.0,79.0,185.0,292.0,2422.8,106.0,57.38,0.26,ENP6  30  79  185  292  2422.8  106  57.38%  0.26,[],11,11,0.2638963540650309,0.572972972972973,185.0,True
ENP6,survey_stratum,2015,Sc,鸵鸟,Struthio camelus,core_with_flags,source_row_preserved,701.0328,724.3314136075037,survey_area_report_km2,True,2,8.0,8.0,53.0,112.0,722.5,59.0,110.06,0.08,ENP6  8 8 53  112  722.5  59  110.06%  0.08,[],12,12,0.07560273927268453,1.1132075471698113,53.0,True
ENP6,survey_stratum,2015,To,大羚羊（Eland）,Taurotragus oryx,hold_source_conflicts,source_row_preserved,701.0328,724.3314136075037,survey_area_report_km2,True,2,31.0,31.0,95.0,208.0,3015.3,113.0,119.32,0.13,ENP6 31  31  95  208  3015.3  113  119.32%  0.13,"[""density_inconsistent_with_count_and_area""]",13,12,0.1355143439793402,1.1894736842105262,95.0,False
ENP7,survey_stratum,2015,Ab,红狷羚,Alcelaphus buselaphus,hold_row_check,source_row_preserved,600.6719,578.2355918880318,survey_area_report_km2,True,2,14.0,14.0,22.0,102.0,1469.1,79.0,355.03,0.04,ENP7 14  14  22  102  1469.1  79  355.03%  0.04,"[""sampling_expansion_crosscheck_requires_review""]",3,7,0.036625652040656466,3.590909090909091,22.0,False
ENP7,survey_stratum,2015,Am,跳羚,Antidorcas marsupialis,hold_invalid_estimate,source_row_preserved,600.6719,578.2355918880318,survey_area_report_km2,True,1,78.0,78.0,249.0,525.0,17692.3,276.0,110.57,0.41,ENP7  78  78  249  525  17692.3  276  110.57%  0.41,[],4,8,0.41453578900561183,1.108433734939759,249.0,False
ENP7,survey_stratum,2015,Ct,蓝角马,Connochaetes taurinus,core_with_flags,source_row_preserved,600.6719,578.2355918880318,survey_area_report_km2,True,2,78.0,78.0,249.0,525.0,17692.3,276.0,110.57,0.41,ENP7  78  78  249  525  17692.3  276  110.57%  0.41,[],5,8,0.41453578900561183,1.108433734939759,249.0,True
ENP7,survey_stratum,2015,Db,黑犀牛,Diceros bicornis,hold_source_conflicts,source_row_preserved,600.6719,578.2355918880318,survey_area_report_km2,True,3,13.0,19.0,42.0,64.0,120.6,23.0,54.78,0.07,ENP7  13  19  42  64  120.6  23  54.78%  0.07,[],6,9,0.06992169935034416,0.5476190476190477,42.0,False
ENP7,survey_stratum,2015,Eb,平原斑马,Equus burchelli / Equus quagga,core_with_flags,source_row_preserved,600.6719,578.2355918880318,survey_area_report_km2,True,3,267.0,267.0,854.0,1571.0,119492.2,717.0,83.95,1.42,ENP7  267  267  854  1571  119492.2  717  83.95%  1.42,[],7,9,1.4217412201236648,0.8395784543325527,854.0,True
ENP7,survey_stratum,2015,Hz,哈特曼山斑马,Equus zebra hartmannae,optional_partial_rows,source_row_preserved,600.6719,578.2355918880318,survey_area_report_km2,True,3,,,,,,,,,ENP7,"[""source_blank_row""]",8,10,,,,False
ENP7,survey_stratum,2015,Gc,长颈鹿,Giraffa camelopardalis (report aggregate),core_with_flags,source_row_preserved,600.6719,578.2355918880318,survey_area_report_km2,True,3,44.0,44.0,141.0,237.0,2156.8,96.0,68.44,0.23,ENP7  44  44  141  237  2156.8  96  68.44%  0.23,[],9,10,0.23473713353329828,0.6808510638297872,141.0,True
ENP7,survey_stratum,2015,La,非洲草原象,Loxodonta africana,core_with_flags,source_row_preserved,600.6719,578.2355918880318,survey_area_report_km2,True,3,50.0,50.0,160.0,286.0,3694.2,126.0,78.82,0.27,ENP7  50  50  160  286  3694.2  126  78.82%  0.27,[],10,11,0.2663683784775016,0.7875,160.0,True
ENP7,survey_stratum,2015,Og,南非剑羚,Oryx gazella,core_with_flags,source_row_preserved,600.6719,578.2355918880318,survey_area_report_km2,True,1,58.0,88.0,186.0,283.0,2217.7,98.0,52.65,0.31,ENP7  58  88  186  283  2217.7  98  52.65%  0.31,[],11,11,0.3096532399800956,0.5268817204301075,186.0,True
ENP7,survey_stratum,2015,Sc,鸵鸟,Struthio camelus,core_with_flags,source_row_preserved,600.6719,578.2355918880318,survey_area_report_km2,True,2,66.0,99.0,211.0,323.0,2933.6,112.0,53.21,0.35,ENP7  66  99  211  323  2933.6  112  53.21%  0.35,[],12,12,0.35127329911720523,0.5308056872037915,211.0,True
ENP7,survey_stratum,2015,To,大羚羊（Eland）,Taurotragus oryx,hold_source_conflicts,source_row_preserved,600.6719,578.2355918880318,survey_area_report_km2,True,2,,,,,,,,0.0,ENP7            0.00,"[""blank_count_with_source_zero_density"", ""baseline_zero_is_explicit_nondetection_assumption""]",13,12,,,0,False
ENP8,survey_stratum,2015,Ab,红狷羚,Alcelaphus buselaphus,hold_row_check,source_row_preserved,441.8536,385.082546373341,survey_area_report_km2,True,2,,,,,,,,0.0,ENP8            0.00,"[""blank_count_with_source_zero_density"", ""baseline_zero_is_explicit_nondetection_assumption""]",3,7,,,0,False
ENP8,survey_stratum,2015,Am,跳羚,Antidorcas marsupialis,hold_invalid_estimate,source_row_preserved,441.8536,385.082546373341,survey_area_report_km2,True,1,81.0,81.0,534.0,1135.0,67961.6,601.0,112.57,1.21,ENP8  81  81  534  1135  67961.6  601  112.57%  1.21,[],4,8,1.208545092763757,1.1254681647940075,534.0,False
ENP8,survey_stratum,2015,Ct,蓝角马,Connochaetes taurinus,core_with_flags,source_row_preserved,441.8536,385.082546373341,survey_area_report_km2,True,2,,,,,,,,0.0,ENP8             0.00,"[""blank_count_with_source_zero_density"", ""baseline_zero_is_explicit_nondetection_assumption""]",5,8,,,0,True
ENP8,survey_stratum,2015,Db,黑犀牛,Diceros bicornis,hold_source_conflicts,source_row_preserved,441.8536,385.082546373341,survey_area_report_km2,True,3,2.0,2.0,28.0,67.0,293.0,39.0,141.56,0.06,ENP8  2 2 28  67  293.0  39  141.56%  0.06,"[""sampling_expansion_crosscheck_requires_review""]",6,9,0.0633694056130809,1.3928571428571428,28.0,False
ENP8,survey_stratum,2015,Eb,平原斑马,Equus burchelli / Equus quagga,core_with_flags,source_row_preserved,441.8536,385.082546373341,survey_area_report_km2,True,3,81.0,85.0,534.0,983.0,37972.9,449.0,84.14,1.21,ENP8  81  85  534  983  37972.9  449  84.14%  1.21,[],7,9,1.208545092763757,0.8408239700374532,534.0,True
ENP8,survey_stratum,2015,Hz,哈特曼山斑马,Equus zebra hartmannae,optional_partial_rows,source_row_preserved,441.8536,385.082546373341,survey_area_report_km2,True,3,,,,,,,,,ENP8,"[""source_blank_row""]",8,10,,,,False
ENP8,survey_stratum,2015,Gc,长颈鹿,Giraffa camelopardalis (report aggregate),core_with_flags,source_row_preserved,441.8536,385.082546373341,survey_area_report_km2,True,3,12.0,12.0,79.0,166.0,1425.1,87.0,110.03,0.18,ENP8  12  12  79  166  1425.1  87  110.03%  0.18,[],9,10,0.17879225155119252,1.1012658227848102,79.0,True
ENP8,survey_stratum,2015,La,非洲草原象,Loxodonta africana,core_with_flags,source_row_preserved,441.8536,385.082546373341,survey_area_report_km2,True,3,,,,,,,,0.0,ENP8             0.00,"[""blank_count_with_source_zero_density"", ""baseline_zero_is_explicit_nondetection_assumption""]",10,11,,,0,True
ENP8,survey_stratum,2015,Og,南非剑羚,Oryx gazella,core_with_flags,source_row_preserved,441.8536,385.082546373341,survey_area_report_km2,True,1,39.0,39.0,257.0,524.0,13419.0,267.0,103.89,0.58,ENP8  39  39  257  524  13419.0  267  103.89%  0.58,[],11,11,0.5816406158057782,1.038910505836576,257.0,True
ENP8,survey_stratum,2015,Sc,鸵鸟,Struthio camelus,core_with_flags,source_row_preserved,441.8536,385.082546373341,survey_area_report_km2,True,2,24.0,24.0,158.0,301.0,3819.7,143.0,90.07,0.36,ENP8  24  24  158  301  3819.7  143  90.07%  0.36,[],12,12,0.35758450310238504,0.9050632911392406,158.0,True
ENP8,survey_stratum,2015,To,大羚羊（Eland）,Taurotragus oryx,hold_source_conflicts,source_row_preserved,441.8536,385.082546373341,survey_area_report_km2,True,2,,,,,,,,0.0,ENP8            0.00,"[""blank_count_with_source_zero_density"", ""baseline_zero_is_explicit_nondetection_assumption""]",13,12,,,0,False
ENP9,survey_stratum,2015,Ab,红狷羚,Alcelaphus buselaphus,hold_row_check,source_row_preserved,665.4298,572.3639995566231,survey_area_report_km2,True,2,,,,,,,,0.0,ENP9            0.00,"[""blank_count_with_source_zero_density"", ""baseline_zero_is_explicit_nondetection_assumption""]",3,7,,,0,False
ENP9,survey_stratum,2015,Am,跳羚,Antidorcas marsupialis,hold_invalid_estimate,source_row_preserved,665.4298,572.3639995566231,survey_area_report_km2,True,1,,,,,,,,0.0,ENP9             0.00,"[""blank_count_with_source_zero_density"", ""baseline_zero_is_explicit_nondetection_assumption""]",4,8,,,0,False
ENP9,survey_stratum,2015,Ct,蓝角马,Connochaetes taurinus,core_with_flags,source_row_preserved,665.4298,572.3639995566231,survey_area_report_km2,True,2,,,,,,,,0.0,ENP9             0.00,"[""blank_count_with_source_zero_density"", ""baseline_zero_is_explicit_nondetection_assumption""]",5,8,,,0,True
ENP9,survey_stratum,2015,Db,黑犀牛,Diceros bicornis,hold_source_conflicts,source_row_preserved,665.4298,572.3639995566231,survey_area_report_km2,True,3,,,,,,,,0.0,ENP9            0.00,"[""blank_count_with_source_zero_density"", ""baseline_zero_is_explicit_nondetection_assumption""]",6,9,,,0,False
ENP9,survey_stratum,2015,Eb,平原斑马,Equus burchelli / Equus quagga,core_with_flags,source_row_preserved,665.4298,572.3639995566231,survey_area_report_km2,True,3,4.0,4.0,26.0,83.0,641.4,56.0,213.16,0.04,ENP9 4  4 26  83  641.4  56  213.16%  0.04,[],7,9,0.03907249119291021,2.1538461538461537,26.0,True
ENP9,survey_stratum,2015,Hz,哈特曼山斑马,Equus zebra hartmannae,optional_partial_rows,source_row_preserved,665.4298,572.3639995566231,survey_area_report_km2,True,3,,,,,,,,,ENP9,"[""source_blank_row""]",8,10,,,,False
ENP9,survey_stratum,2015,Gc,长颈鹿,Giraffa camelopardalis (report aggregate),core_with_flags,source_row_preserved,665.4298,572.3639995566231,survey_area_report_km2,True,3,,,,,,,,0.0,ENP9            0.00,"[""blank_count_with_source_zero_density"", ""baseline_zero_is_explicit_nondetection_assumption""]",9,10,,,0,True
ENP9,survey_stratum,2015,La,非洲草原象,Loxodonta africana,core_with_flags,source_row_preserved,665.4298,572.3639995566231,survey_area_report_km2,True,3,41.0,41.0,271.0,537.0,14243.2,266.0,98.0,0.41,ENP9  41  41  271  537  14243.2  266  98.00%  0.41,[],10,11,0.4072555812799487,0.981549815498155,271.0,True
ENP9,survey_stratum,2015,Og,南非剑羚,Oryx gazella,core_with_flags,source_row_preserved,665.4298,572.3639995566231,survey_area_report_km2,True,1,9.0,9.0,58.0,154.0,1846.7,96.0,164.67,0.09,ENP9  9 9 58  154  1846.7  96  164.67%  0.09,[],11,11,0.08716171112264584,1.6551724137931034,58.0,True
ENP9,survey_stratum,2015,Sc,鸵鸟,Struthio camelus,core_with_flags,source_row_preserved,665.4298,572.3639995566231,survey_area_report_km2,True,2,5.0,5.0,33.0,64.0,198.4,31.0,94.84,0.05,ENP9  5 5 33  64  198.4  31  94.84%  0.05,[],12,12,0.049592008052539875,0.9393939393939394,33.0,True
ENP9,survey_stratum,2015,To,大羚羊（Eland）,Taurotragus oryx,hold_source_conflicts,source_row_preserved,665.4298,572.3639995566231,survey_area_report_km2,True,2,,,,,,,,0.0,ENP9            0.00,"[""blank_count_with_source_zero_density"", ""baseline_zero_is_explicit_nondetection_assumption""]",13,12,,,0,False
ENP11,survey_stratum,2015,Ab,红狷羚,Alcelaphus buselaphus,hold_row_check,source_row_preserved,2811.934,2809.470863178253,survey_area_report_km2,True,2,,,,,,,,0.0,ENP11            0.00,"[""blank_count_with_source_zero_density"", ""baseline_zero_is_explicit_nondetection_assumption""]",3,7,,,0,False
ENP11,survey_stratum,2015,Am,跳羚,Antidorcas marsupialis,hold_invalid_estimate,source_row_preserved,2811.934,2809.470863178253,survey_area_report_km2,True,1,48.0,48.0,599.0,1316.0,122815.7,718.0,119.87,0.21,ENP11  48  48  599  1316  122815.7  718  119.87%  0.21,[],4,8,0.21302064699953838,1.1986644407345577,599.0,False
ENP11,survey_stratum,2015,Ct,蓝角马,Connochaetes taurinus,core_with_flags,source_row_preserved,2811.934,2809.470863178253,survey_area_report_km2,True,2,2.0,2.0,25.0,74.0,581.0,49.0,197.92,0.01,ENP11 2  2 25  74  581.0  49  197.92%  0.01,[],5,8,0.008890678088461536,1.96,25.0,True
ENP11,survey_stratum,2015,Db,黑犀牛,Diceros bicornis,hold_source_conflicts,source_row_preserved,2811.934,2809.470863178253,survey_area_report_km2,True,3,1.0,1.0,12.0,32.0,131.0,23.0,87.88,0.004,ENP11  1 1 12  32  131.0  23  87.88%  0.004,"[""ci_percentage_inconsistent""]",6,9,0.004267525482461537,1.9166666666666667,12.0,False
ENP11,survey_stratum,2015,Eb,平原斑马,Equus burchelli / Equus quagga,core_with_flags,source_row_preserved,2811.934,2809.470863178253,survey_area_report_km2,True,3,49.0,49.0,611.0,1760.0,314899.7,1149.0,188.02,0.22,ENP11 49  49  611  1760  314899.7  1149  188.02%  0.22,[],7,9,0.2172881724819999,1.8805237315875614,611.0,True
ENP11,survey_stratum,2015,Hz,哈特曼山斑马,Equus zebra hartmannae,optional_partial_rows,source_row_preserved,2811.934,2809.470863178253,survey_area_report_km2,True,3,,,,,,,,,ENP11,"[""source_blank_row""]",8,10,,,,False
ENP11,survey_stratum,2015,Gc,长颈鹿,Giraffa camelopardalis (report aggregate),core_with_flags,source_row_preserved,2811.934,2809.470863178253,survey_area_report_km2,True,3,6.0,6.0,75.0,162.0,1791.1,87.0,115.81,0.03,ENP11 6  6 75  162  1791.1  87  115.81%  0.03,[],9,10,0.026672034265384604,1.16,75.0,True
ENP11,survey_stratum,2015,La,非洲草原象,Loxodonta africana,core_with_flags,source_row_preserved,2811.934,2809.470863178253,survey_area_report_km2,True,3,,,,,,,,0.0,ENP11             0.00,"[""blank_count_with_source_zero_density"", ""baseline_zero_is_explicit_nondetection_assumption""]",10,11,,,0,True
ENP11,survey_stratum,2015,Og,南非剑羚,Oryx gazella,core_with_flags,source_row_preserved,2811.934,2809.470863178253,survey_area_report_km2,True,1,17.0,74.0,212.0,350.0,4516.0,138.0,64.9,0.08,ENP11 17  74  212  350  4516.0  138  64.90%  0.08,[],11,11,0.07539295019015382,0.6509433962264151,212.0,True
ENP11,survey_stratum,2015,Sc,鸵鸟,Struthio camelus,core_with_flags,source_row_preserved,2811.934,2809.470863178253,survey_area_report_km2,True,2,77.0,77.0,961.0,1951.0,233686.6,990.0,103.07,0.34,ENP11  77  77  961  1951  233686.6  990  103.07%  0.34,[],12,12,0.3417576657204614,1.0301768990634756,961.0,True
ENP11,survey_stratum,2015,To,大羚羊（Eland）,Taurotragus oryx,hold_source_conflicts,source_row_preserved,2811.934,2809.470863178253,survey_area_report_km2,True,2,,,,,,,,0.0,ENP11            0.00,"[""blank_count_with_source_zero_density"", ""baseline_zero_is_explicit_nondetection_assumption""]",13,12,,,0,False
ENP12,survey_stratum,2015,Ab,红狷羚,Alcelaphus buselaphus,hold_row_check,source_row_preserved,1489.425,1464.3136498436747,survey_area_report_km2,True,2,7.0,7.0,21.0,44.0,125.1,19.0,88.83,0.01,ENP12 7  7 21  44  125.1  19  88.83%  0.01,[],3,7,0.014099400775467043,0.9047619047619048,21.0,False
ENP12,survey_stratum,2015,Am,跳羚,Antidorcas marsupialis,hold_invalid_estimate,source_row_preserved,1489.425,1464.3136498436747,survey_area_report_km2,True,1,1282.0,2225.0,3884.0,5543.0,673687.7,1659.0,42.71,2.61,ENP12 1282  2225  3884  5543  673687.7  1659  42.71%  2.61,[],4,8,2.607717743424476,0.42713697219361485,3884.0,False
ENP12,survey_stratum,2015,Ct,蓝角马,Connochaetes taurinus,core_with_flags,source_row_preserved,1489.425,1464.3136498436747,survey_area_report_km2,True,2,288.0,288.0,872.0,1622.0,137357.8,749.0,85.85,0.59,ENP12 288  288  872  1622  137357.8  749  85.85%  0.59,[],5,8,0.5854608322003458,0.8589449541284404,872.0,True
ENP12,survey_stratum,2015,Db,黑犀牛,Diceros bicornis,hold_source_conflicts,source_row_preserved,1489.425,1464.3136498436747,survey_area_report_km2,True,3,50.0,92.0,151.0,211.0,870.4,60.0,39.36,0.101,ENP12 50  92  151  211  870.4  60  39.36%  0.101,[],6,9,0.10138140557597732,0.3973509933774834,151.0,False
ENP12,survey_stratum,2015,Eb,平原斑马,Equus burchelli / Equus quagga,core_with_flags,source_row_preserved,1489.425,1464.3136498436747,survey_area_report_km2,True,3,201.0,280.0,609.0,938.0,26433.9,329.0,53.96,0.41,ENP12 201  280  609  938  26433.9  329  53.96%  0.41,[],7,9,0.40888262248854423,0.5402298850574713,609.0,True
ENP12,survey_stratum,2015,Hz,哈特曼山斑马,Equus zebra hartmannae,optional_partial_rows,source_row_preserved,1489.425,1464.3136498436747,survey_area_report_km2,True,3,,,,,,,,,ENP12,"[""source_blank_row""]",8,10,,,,False
ENP12,survey_stratum,2015,Gc,长颈鹿,Giraffa camelopardalis (report aggregate),core_with_flags,source_row_preserved,1489.425,1464.3136498436747,survey_area_report_km2,True,3,86.0,173.0,261.0,348.0,1864.5,87.0,33.49,0.18,ENP12 86  173  261  348  1864.5  87  33.49%  0.18,[],9,10,0.17523540963794754,0.3333333333333333,261.0,True
ENP12,survey_stratum,2015,La,非洲草原象,Loxodonta africana,core_with_flags,source_row_preserved,1489.425,1464.3136498436747,survey_area_report_km2,True,3,99.0,99.0,300.0,502.0,10046.0,203.0,67.54,0.2,ENP12 99  99  300  502  10046.0  203  67.54%  0.20,[],10,11,0.20142001107810062,0.6766666666666666,300.0,True
ENP12,survey_stratum,2015,Og,南非剑羚,Oryx gazella,core_with_flags,source_row_preserved,1489.425,1464.3136498436747,survey_area_report_km2,True,1,184.0,335.0,557.0,780.0,12163.4,223.0,39.99,0.37,ENP12 184  335  557  780  12163.4  223  39.99%  0.37,[],11,11,0.37396982056834016,0.400359066427289,557.0,True
ENP12,survey_stratum,2015,Sc,鸵鸟,Struthio camelus,core_with_flags,source_row_preserved,1489.425,1464.3136498436747,survey_area_report_km2,True,2,95.0,135.0,288.0,441.0,5716.7,153.0,53.09,0.19,ENP12 95  135  288  441  5716.7  153  53.09%  0.19,[],12,12,0.19336321063497658,0.53125,288.0,True
ENP12,survey_stratum,2015,To,大羚羊（Eland）,Taurotragus oryx,hold_source_conflicts,source_row_preserved,1489.425,1464.3136498436747,survey_area_report_km2,True,2,3.0,3.0,9.0,23.0,52.0,15.0,164.26,0.01,ENP12  3 3 9 23  52.0  15  164.26%  0.01,[],13,12,0.006042600332343018,1.6666666666666667,9.0,False
ENP13,survey_stratum,2015,Ab,红狷羚,Alcelaphus buselaphus,hold_row_check,source_row_preserved,1427.367,1399.2293709088808,survey_area_report_km2,True,2,14.0,14.0,41.0,86.0,481.4,44.0,107.44,0.03,ENP13 14  14  41  86  481.4  44  107.44%  0.03,[],3,7,0.028724217387679555,1.0731707317073171,41.0,False
ENP13,survey_stratum,2015,Am,跳羚,Antidorcas marsupialis,hold_invalid_estimate,source_row_preserved,1427.367,1399.2293709088808,survey_area_report_km2,True,1,5.0,5.0,15.0,41.0,165.5,26.0,176.4,0.01,ENP13 5  5 15  41  165.5  26  176.40%  0.01,[],4,8,0.010508860019882764,1.7333333333333334,15.0,False
ENP13,survey_stratum,2015,Ct,蓝角马,Connochaetes taurinus,core_with_flags,source_row_preserved,1427.367,1399.2293709088808,survey_area_report_km2,True,2,15.0,15.0,44.0,122.0,1438.8,78.0,176.05,0.03,ENP13 15  15  44  122  1438.8  78  176.05%  0.03,[],5,8,0.030825989391656105,1.7727272727272727,44.0,True
ENP13,survey_stratum,2015,Db,黑犀牛,Diceros bicornis,hold_source_conflicts,source_row_preserved,1427.367,1399.2293709088808,survey_area_report_km2,True,3,46.0,82.0,136.0,189.0,693.0,53.0,39.23,0.095,ENP13 46  82  136  189  693.0  53  39.23%  0.095,[],6,9,0.09528033084693706,0.3897058823529412,136.0,False
ENP13,survey_stratum,2015,Eb,平原斑马,Equus burchelli / Equus quagga,core_with_flags,source_row_preserved,1427.367,1399.2293709088808,survey_area_report_km2,True,3,370.0,695.0,1091.0,1486.0,38312.7,396.0,36.27,0.76,ENP13 370  695  1091  1486  38312.7  396  36.27%  0.76,[],7,9,0.764344418779473,0.3629697525206233,1091.0,True
ENP13,survey_stratum,2015,Hz,哈特曼山斑马,Equus zebra hartmannae,optional_partial_rows,source_row_preserved,1427.367,1399.2293709088808,survey_area_report_km2,True,3,,,,,,,,,ENP13,"[""source_blank_row""]",8,10,,,,False
ENP13,survey_stratum,2015,Gc,长颈鹿,Giraffa camelopardalis (report aggregate),core_with_flags,source_row_preserved,1427.367,1399.2293709088808,survey_area_report_km2,True,3,42.0,74.0,124.0,174.0,610.4,50.0,40.33,0.09,ENP13 42  74  124  174  610.4  50  40.33%  0.09,[],9,10,0.08687324283103084,0.4032258064516129,124.0,True
ENP13,survey_stratum,2015,La,非洲草原象,Loxodonta africana,core_with_flags,source_row_preserved,1427.367,1399.2293709088808,survey_area_report_km2,True,3,22.0,22.0,65.0,159.0,2158.9,94.0,144.78,0.05,ENP13 22  22  65  159  2158.9  94  144.78%  0.05,[],10,11,0.04553839341949197,1.4461538461538461,65.0,True
ENP13,survey_stratum,2015,Og,南非剑羚,Oryx gazella,core_with_flags,source_row_preserved,1427.367,1399.2293709088808,survey_area_report_km2,True,1,63.0,97.0,186.0,275.0,1942.4,89.0,47.96,0.13,ENP13 63  97  186  275  1942.4  89  47.96%  0.13,[],11,11,0.13030986424654625,0.478494623655914,186.0,True
ENP13,survey_stratum,2015,Sc,鸵鸟,Struthio camelus,core_with_flags,source_row_preserved,1427.367,1399.2293709088808,survey_area_report_km2,True,2,32.0,45.0,94.0,144.0,596.1,49.0,52.31,0.07,ENP13 32  45  94  144  596.1  49  52.31%  0.07,[],12,12,0.06585552279126532,0.5212765957446809,94.0,True
ENP13,survey_stratum,2015,To,大羚羊（Eland）,Taurotragus oryx,hold_source_conflicts,source_row_preserved,1427.367,1399.2293709088808,survey_area_report_km2,True,2,10.0,10.0,30.0,70.0,394.6,40.0,134.89,0.02,ENP13  10  10  30  70  394.6  40  134.89%  0.02,[],13,12,0.021017720039765528,1.3333333333333333,30.0,False
ENP14,survey_stratum,2015,Ab,红狷羚,Alcelaphus buselaphus,hold_row_check,source_row_preserved,1145.296,1107.4973114279728,survey_area_report_km2,True,2,,,,,,,,0.0,ENP14            0.00,"[""blank_count_with_source_zero_density"", ""baseline_zero_is_explicit_nondetection_assumption""]",3,7,,,0,False
ENP14,survey_stratum,2015,Am,跳羚,Antidorcas marsupialis,hold_invalid_estimate,source_row_preserved,1145.296,1107.4973114279728,survey_area_report_km2,True,1,,,,,,,,0.0,ENP14            0.00,"[""blank_count_with_source_zero_density"", ""baseline_zero_is_explicit_nondetection_assumption""]",4,8,,,0,False
ENP14,survey_stratum,2015,Ct,蓝角马,Connochaetes taurinus,core_with_flags,source_row_preserved,1145.296,1107.4973114279728,survey_area_report_km2,True,2,,,,,,,,0.0,ENP14            0.00,"[""blank_count_with_source_zero_density"", ""baseline_zero_is_explicit_nondetection_assumption""]",5,8,,,0,True
ENP14,survey_stratum,2015,Db,黑犀牛,Diceros bicornis,hold_source_conflicts,source_row_preserved,1145.296,1107.4973114279728,survey_area_report_km2,True,3,,,,,,,,0.0,ENP14           0.000,"[""blank_count_with_source_zero_density"", ""baseline_zero_is_explicit_nondetection_assumption""]",6,9,,,0,False
ENP14,survey_stratum,2015,Eb,平原斑马,Equus burchelli / Equus quagga,core_with_flags,source_row_preserved,1145.296,1107.4973114279728,survey_area_report_km2,True,3,1.0,1.0,12.0,40.0,167.3,28.0,229.61,0.01,ENP14 1  1 12  40  167.3  28  229.61%  0.01,[],7,9,0.010477640714714798,2.3333333333333335,12.0,True
ENP14,survey_stratum,2015,Hz,哈特曼山斑马,Equus zebra hartmannae,optional_partial_rows,source_row_preserved,1145.296,1107.4973114279728,survey_area_report_km2,True,3,,,,,,,,,ENP14,"[""source_blank_row""]",8,10,,,,False
ENP14,survey_stratum,2015,Gc,长颈鹿,Giraffa camelopardalis (report aggregate),core_with_flags,source_row_preserved,1145.296,1107.4973114279728,survey_area_report_km2,True,3,5.0,5.0,61.0,148.0,1628.1,87.0,143.26,0.05,ENP14 5  5 61  148  1628.1  87  143.26%  0.05,[],9,10,0.053261340299800224,1.4262295081967213,61.0,True
ENP14,survey_stratum,2015,La,非洲草原象,Loxodonta africana,core_with_flags,source_row_preserved,1145.296,1107.4973114279728,survey_area_report_km2,True,3,1.0,1.0,12.0,40.0,161.6,27.0,225.66,0.01,ENP14 1  1 12  40  161.6  27  225.66%  0.01,[],10,11,0.010477640714714798,2.25,12.0,True
ENP14,survey_stratum,2015,Og,南非剑羚,Oryx gazella,core_with_flags,source_row_preserved,1145.296,1107.4973114279728,survey_area_report_km2,True,1,1.0,1.0,12.0,39.0,154.6,27.0,154.6,0.01,ENP14 1  1 12  39  154.6  27  154.60%  0.01,"[""ci_percentage_inconsistent""]",11,11,0.010477640714714798,2.25,12.0,True
ENP14,survey_stratum,2015,Sc,鸵鸟,Struthio camelus,core_with_flags,source_row_preserved,1145.296,1107.4973114279728,survey_area_report_km2,True,2,3.0,3.0,37.0,79.0,387.9,43.0,116.54,0.03,ENP14 3  3 37  79  387.9  43  116.54%  0.03,[],12,12,0.03230605887037063,1.162162162162162,37.0,True
ENP14,survey_stratum,2015,To,大羚羊（Eland）,Taurotragus oryx,hold_source_conflicts,source_row_preserved,1145.296,1107.4973114279728,survey_area_report_km2,True,2,,,,,,,,0.0,ENP14             0.00,"[""blank_count_with_source_zero_density"", ""baseline_zero_is_explicit_nondetection_assumption""]",13,12,,,0,False
ENP15,survey_stratum,2015,Ab,红狷羚,Alcelaphus buselaphus,hold_row_check,source_row_preserved,2038.162,2062.8559871057746,survey_area_report_km2,True,2,43.0,43.0,130.0,252.0,3701.1,122.0,93.37,0.06,ENP15 43  43  130  252  3701.1  122  93.37%  0.06,[],3,7,0.06378295739004064,0.9384615384615385,130.0,False
ENP15,survey_stratum,2015,Am,跳羚,Antidorcas marsupialis,hold_invalid_estimate,source_row_preserved,2038.162,2062.8559871057746,survey_area_report_km2,True,1,256.0,376.0,776.0,1176.0,40024.4,400.0,51.58,0.38,ENP15 256  376  776  1176  40024.4  400  51.58%  0.38,[],4,8,0.38073519180516563,0.5154639175257731,776.0,False
ENP15,survey_stratum,2015,Ct,蓝角马,Connochaetes taurinus,core_with_flags,source_row_preserved,2038.162,2062.8559871057746,survey_area_report_km2,True,2,298.0,332.0,903.0,1474.0,81620.1,571.0,6327.0,0.44,ENP15 298  332  903  1474  81620.1  571  6327.00%  0.44,"[""ci_percentage_inconsistent""]",5,8,0.44304623479389765,0.6323366555924695,903.0,True
ENP15,survey_stratum,2015,Db,黑犀牛,Diceros bicornis,hold_source_conflicts,source_row_preserved,2038.162,2062.8559871057746,survey_area_report_km2,True,3,58.0,115.0,176.0,237.0,932.7,61.0,34.75,0.086,ENP15 58  115  176  237  932.7  61  34.75%  0.086,[],6,9,0.08635231154343963,0.3465909090909091,176.0,False
ENP15,survey_stratum,2015,Eb,平原斑马,Equus burchelli / Equus quagga,core_with_flags,source_row_preserved,2038.162,2062.8559871057746,survey_area_report_km2,True,3,1083.0,1838.0,3282.0,4726.0,521547.5,1444.0,44.0,1.61,ENP15 1083  1838  3282  4726  521547.5  1444  44.00%  1.61,[],7,9,1.6102743550316412,0.4399756246191347,3282.0,True
ENP15,survey_stratum,2015,Hz,哈特曼山斑马,Equus zebra hartmannae,optional_partial_rows,source_row_preserved,2038.162,2062.8559871057746,survey_area_report_km2,True,3,,,,,,,,,ENP15,"[""source_blank_row""]",8,10,,,,False
ENP15,survey_stratum,2015,Gc,长颈鹿,Giraffa camelopardalis (report aggregate),core_with_flags,source_row_preserved,2038.162,2062.8559871057746,survey_area_report_km2,True,3,132.0,132.0,400.0,677.0,19191.3,277.0,69.26,0.2,ENP15 132  132  400  677  19191.3  277  69.26%  0.20,[],9,10,0.19625525350781733,0.6925,400.0,True
ENP15,survey_stratum,2015,La,非洲草原象,Loxodonta africana,core_with_flags,source_row_preserved,2038.162,2062.8559871057746,survey_area_report_km2,True,3,181.0,287.0,549.0,810.0,17090.8,261.0,47.67,0.27,ENP15 181  287  549  810  17090.8  261  47.67%  0.27,[],10,11,0.2693603354394793,0.47540983606557374,549.0,True
ENP15,survey_stratum,2015,Og,南非剑羚,Oryx gazella,core_with_flags,source_row_preserved,2038.162,2062.8559871057746,survey_area_report_km2,True,1,51.0,51.0,155.0,280.0,3948.0,126.0,81.31,0.08,ENP15 51  51  155  280  3948.0  126  81.31%  0.08,[],11,11,0.07604891073427922,0.8129032258064516,155.0,True
ENP15,survey_stratum,2015,Sc,鸵鸟,Struthio camelus,core_with_flags,source_row_preserved,2038.162,2062.8559871057746,survey_area_report_km2,True,2,47.0,58.0,142.0,227.0,1793.7,85.0,59.47,0.07,ENP15 47  58  142  227  1793.7  85  59.47%  0.07,[],12,12,0.06967061499527516,0.5985915492957746,142.0,True
ENP15,survey_stratum,2015,To,大羚羊（Eland）,Taurotragus oryx,hold_source_conflicts,source_row_preserved,2038.162,2062.8559871057746,survey_area_report_km2,True,2,2.0,2.0,6.0,16.0,23.4,10.0,163.85,0.0,ENP15  2 2 6 16  23.4  10  163.85%  0.00,[],13,12,0.00294382880261726,1.6666666666666667,6.0,False
ENP16,survey_stratum,2015,Ab,红狷羚,Alcelaphus buselaphus,hold_row_check,source_row_preserved,918.1365,909.4403216695301,survey_area_report_km2,True,2,28.0,28.0,84.0,204.0,3466.5,120.0,143.4,0.09,ENP16 28  28  84  204  3466.5  120  143.40%  0.09,[],3,7,0.09148966411857061,1.4285714285714286,84.0,False
ENP16,survey_stratum,2015,Am,跳羚,Antidorcas marsupialis,hold_invalid_estimate,source_row_preserved,918.1365,909.4403216695301,survey_area_report_km2,True,1,343.0,343.0,1027.0,2127.0,290294.1,1100.0,107.13,2.32,ENP16 343  343  1027  2127  290294.1  1100  107.13%  2.32,"[""density_inconsistent_with_count_and_area""]",4,8,1.1185700601163335,1.071080817916261,1027.0,False
ENP16,survey_stratum,2015,Ct,蓝角马,Connochaetes taurinus,core_with_flags,source_row_preserved,918.1365,909.4403216695301,survey_area_report_km2,True,2,116.0,146.0,347.0,548.0,9676.3,201.0,57.83,0.38,ENP16 116  146  347  548  9676.3  201  57.83%  0.38,[],5,8,0.37793944582314287,0.579250720461095,347.0,True
ENP16,survey_stratum,2015,Db,黑犀牛,Diceros bicornis,hold_source_conflicts,source_row_preserved,918.1365,909.4403216695301,survey_area_report_km2,True,3,31.0,54.0,93.0,132.0,368.5,39.0,42.23,0.101,ENP16 31  54  93  132  368.5  39  42.23%  0.101,[],6,9,0.1012921281312746,0.41935483870967744,93.0,False
ENP16,survey_stratum,2015,Eb,平原斑马,Equus burchelli / Equus quagga,core_with_flags,source_row_preserved,918.1365,909.4403216695301,survey_area_report_km2,True,3,229.0,397.0,686.0,974.0,19997.4,289.0,42.11,0.75,ENP16 229  397  686  974  19997.4  289  42.11%  0.75,[],7,9,0.74716559030166,0.42128279883381925,686.0,True
ENP16,survey_stratum,2015,Hz,哈特曼山斑马,Equus zebra hartmannae,optional_partial_rows,source_row_preserved,918.1365,909.4403216695301,survey_area_report_km2,True,3,,,,,,,,,ENP16,"[""source_blank_row""]",8,10,,,,False
ENP16,survey_stratum,2015,Gc,长颈鹿,Giraffa camelopardalis (report aggregate),core_with_flags,source_row_preserved,918.1365,909.4403216695301,survey_area_report_km2,True,3,120.0,120.0,359.0,521.0,6282.2,162.0,45.04,0.39,ENP16 120  120  359  521  6282.2  162  45.04%  0.39,[],9,10,0.39100939784008154,0.45125348189415043,359.0,True
ENP16,survey_stratum,2015,La,非洲草原象,Loxodonta africana,core_with_flags,source_row_preserved,918.1365,909.4403216695301,survey_area_report_km2,True,3,153.0,153.0,458.0,790.0,26462.5,332.0,72.51,0.5,ENP16 153  153  458  790  26462.5  332  72.51%  0.50,[],10,11,0.4988365019798255,0.7248908296943232,458.0,True
ENP16,survey_stratum,2015,Og,南非剑羚,Oryx gazella,core_with_flags,source_row_preserved,918.1365,909.4403216695301,survey_area_report_km2,True,1,78.0,78.0,234.0,395.0,6228.5,161.0,69.0,0.25,ENP16 78  78  234  395  6228.5  161  69.00%  0.25,[],11,11,0.25486406433030384,0.688034188034188,234.0,True
ENP16,survey_stratum,2015,Sc,鸵鸟,Struthio camelus,core_with_flags,source_row_preserved,918.1365,909.4403216695301,survey_area_report_km2,True,2,41.0,41.0,123.0,212.0,1910.9,89.0,72.71,0.13,ENP16 41  41  123  212  1910.9  89  72.71%  0.13,[],12,12,0.13396700817362125,0.7235772357723578,123.0,True
ENP16,survey_stratum,2015,To,大羚羊（Eland）,Taurotragus oryx,hold_source_conflicts,source_row_preserved,918.1365,909.4403216695301,survey_area_report_km2,True,2,8.0,8.0,24.0,50.0,166.9,26.0,110.13,0.03,ENP16  8 8 24  50  166.9  26  110.13%  0.03,[],13,12,0.026139904033877316,1.0833333333333333,24.0,False
ENP17,survey_stratum,2015,Ab,红狷羚,Alcelaphus buselaphus,hold_row_check,source_row_preserved,921.1887,925.8142381847515,survey_area_report_km2,True,2,,,,,,,,0.0,ENP17            0.00,"[""blank_count_with_source_zero_density"", ""baseline_zero_is_explicit_nondetection_assumption""]",3,7,,,0,False
ENP17,survey_stratum,2015,Am,跳羚,Antidorcas marsupialis,hold_invalid_estimate,source_row_preserved,921.1887,925.8142381847515,survey_area_report_km2,True,1,5.0,5.0,15.0,45.0,215.0,30.0,191.65,0.02,ENP17 5  5 15  45  215.0  30  191.65%  0.02,"[""ci_percentage_inconsistent""]",4,8,0.01628330872925384,2.0,15.0,False
ENP17,survey_stratum,2015,Ct,蓝角马,Connochaetes taurinus,core_with_flags,source_row_preserved,921.1887,925.8142381847515,survey_area_report_km2,True,2,,,,,,,,0.0,ENP17            0.00,"[""blank_count_with_source_zero_density"", ""baseline_zero_is_explicit_nondetection_assumption""]",5,8,,,0,True
ENP17,survey_stratum,2015,Db,黑犀牛,Diceros bicornis,hold_source_conflicts,source_row_preserved,921.1887,925.8142381847515,survey_area_report_km2,True,3,14.0,14.0,43.0,73.0,219.8,30.0,69.21,0.047,ENP17 14  14  43  73  219.8  30  69.21%  0.047,[],6,9,0.04667881835719435,0.6976744186046512,43.0,False
ENP17,survey_stratum,2015,Eb,平原斑马,Equus burchelli / Equus quagga,core_with_flags,source_row_preserved,921.1887,925.8142381847515,survey_area_report_km2,True,3,236.0,236.0,730.0,1464.0,131981.3,734.0,100.6,0.79,ENP17 236  236  730  1464  131981.3  734  100.60%  0.79,[],7,9,0.7924543581570204,1.0054794520547945,730.0,True
ENP17,survey_stratum,2015,Hz,哈特曼山斑马,Equus zebra hartmannae,optional_partial_rows,source_row_preserved,921.1887,925.8142381847515,survey_area_report_km2,True,3,,,,,,,,,ENP17,"[""source_blank_row""]",8,10,,,,False
ENP17,survey_stratum,2015,Gc,长颈鹿,Giraffa camelopardalis (report aggregate),core_with_flags,source_row_preserved,921.1887,925.8142381847515,survey_area_report_km2,True,3,150.0,275.0,464.0,623.0,6200.7,159.0,34.31,0.5,ENP17 150  275  464  623  6200.7  159  34.31%  0.50,[],9,10,0.5036970166915855,0.3426724137931034,464.0,True
ENP17,survey_stratum,2015,La,非洲草原象,Loxodonta africana,core_with_flags,source_row_preserved,921.1887,925.8142381847515,survey_area_report_km2,True,3,145.0,188.0,448.0,709.0,16585.5,260.0,58.05,0.49,ENP17 145  188  448  709  16585.5  260  58.05%  0.49,[],10,11,0.4863281540470481,0.5803571428571429,448.0,True
ENP17,survey_stratum,2015,Og,南非剑羚,Oryx gazella,core_with_flags,source_row_preserved,921.1887,925.8142381847515,survey_area_report_km2,True,1,75.0,102.0,232.0,362.0,4140.3,130.0,56.07,0.25,ENP17 75  102  232  362  4140.3  130  56.07%  0.25,[],11,11,0.25184850834579275,0.5603448275862069,232.0,True
ENP17,survey_stratum,2015,Sc,鸵鸟,Struthio camelus,core_with_flags,source_row_preserved,921.1887,925.8142381847515,survey_area_report_km2,True,2,78.0,78.0,241.0,430.0,8726.8,189.0,78.27,0.26,ENP17 78  78  241  430  8726.8  189  78.27%  0.26,[],12,12,0.26161849358334505,0.7842323651452282,241.0,True
ENP17,survey_stratum,2015,To,大羚羊（Eland）,Taurotragus oryx,hold_source_conflicts,source_row_preserved,921.1887,925.8142381847515,survey_area_report_km2,True,2,117.0,120.0,350.0,580.0,12973.2,230.0,65.82,0.38,ENP17  117  120  350  580  12973.2  230  65.82%  0.38,[],13,12,0.3799438703492563,0.6571428571428571,350.0,False
PAN_MAIN,main_pan,2015,Ab,红狷羚,Alcelaphus buselaphus,hold_row_check,not_surveyed_or_not_matched,,4166.148349940353,,True,2,,,,,,,,,,,,,,,,False
PAN_MAIN,main_pan,2015,Am,跳羚,Antidorcas marsupialis,hold_invalid_estimate,not_surveyed_or_not_matched,,4166.148349940353,,True,1,,,,,,,,,,,,,,,,False
PAN_MAIN,main_pan,2015,Ct,蓝角马,Connochaetes taurinus,core_with_flags,not_surveyed_or_not_matched,,4166.148349940353,,True,2,,,,,,,,,,,,,,,,False
PAN_MAIN,main_pan,2015,Db,黑犀牛,Diceros bicornis,hold_source_conflicts,not_surveyed_or_not_matched,,4166.148349940353,,True,3,,,,,,,,,,,,,,,,False
PAN_MAIN,main_pan,2015,Eb,平原斑马,Equus burchelli / Equus quagga,core_with_flags,not_surveyed_or_not_matched,,4166.148349940353,,True,3,,,,,,,,,,,,,,,,False
PAN_MAIN,main_pan,2015,Hz,哈特曼山斑马,Equus zebra hartmannae,optional_partial_rows,not_surveyed_or_not_matched,,4166.148349940353,,True,3,,,,,,,,,,,,,,,,False
PAN_MAIN,main_pan,2015,Gc,长颈鹿,Giraffa camelopardalis (report aggregate),core_with_flags,not_surveyed_or_not_matched,,4166.148349940353,,True,3,,,,,,,,,,,,,,,,False
PAN_MAIN,main_pan,2015,La,非洲草原象,Loxodonta africana,core_with_flags,not_surveyed_or_not_matched,,4166.148349940353,,True,3,,,,,,,,,,,,,,,,False
PAN_MAIN,main_pan,2015,Og,南非剑羚,Oryx gazella,core_with_flags,not_surveyed_or_not_matched,,4166.148349940353,,True,1,,,,,,,,,,,,,,,,False
PAN_MAIN,main_pan,2015,Sc,鸵鸟,Struthio camelus,core_with_flags,not_surveyed_or_not_matched,,4166.148349940353,,True,2,,,,,,,,,,,,,,,,False
PAN_MAIN,main_pan,2015,To,大羚羊（Eland）,Taurotragus oryx,hold_source_conflicts,not_surveyed_or_not_matched,,4166.148349940353,,True,2,,,,,,,,,,,,,,,,False
UNSURVEYED_OTHER,unsurveyed_residual,2015,Ab,红狷羚,Alcelaphus buselaphus,hold_row_check,not_surveyed_or_not_matched,,368.7757442373505,,True,2,,,,,,,,,,,,,,,,False
UNSURVEYED_OTHER,unsurveyed_residual,2015,Am,跳羚,Antidorcas marsupialis,hold_invalid_estimate,not_surveyed_or_not_matched,,368.7757442373505,,True,1,,,,,,,,,,,,,,,,False
UNSURVEYED_OTHER,unsurveyed_residual,2015,Ct,蓝角马,Connochaetes taurinus,core_with_flags,not_surveyed_or_not_matched,,368.7757442373505,,True,2,,,,,,,,,,,,,,,,False
UNSURVEYED_OTHER,unsurveyed_residual,2015,Db,黑犀牛,Diceros bicornis,hold_source_conflicts,not_surveyed_or_not_matched,,368.7757442373505,,True,3,,,,,,,,,,,,,,,,False
UNSURVEYED_OTHER,unsurveyed_residual,2015,Eb,平原斑马,Equus burchelli / Equus quagga,core_with_flags,not_surveyed_or_not_matched,,368.7757442373505,,True,3,,,,,,,,,,,,,,,,False
UNSURVEYED_OTHER,unsurveyed_residual,2015,Hz,哈特曼山斑马,Equus zebra hartmannae,optional_partial_rows,not_surveyed_or_not_matched,,368.7757442373505,,True,3,,,,,,,,,,,,,,,,False
UNSURVEYED_OTHER,unsurveyed_residual,2015,Gc,长颈鹿,Giraffa camelopardalis (report aggregate),core_with_flags,not_surveyed_or_not_matched,,368.7757442373505,,True,3,,,,,,,,,,,,,,,,False
UNSURVEYED_OTHER,unsurveyed_residual,2015,La,非洲草原象,Loxodonta africana,core_with_flags,not_surveyed_or_not_matched,,368.7757442373505,,True,3,,,,,,,,,,,,,,,,False
UNSURVEYED_OTHER,unsurveyed_residual,2015,Og,南非剑羚,Oryx gazella,core_with_flags,not_surveyed_or_not_matched,,368.7757442373505,,True,1,,,,,,,,,,,,,,,,False
UNSURVEYED_OTHER,unsurveyed_residual,2015,Sc,鸵鸟,Struthio camelus,core_with_flags,not_surveyed_or_not_matched,,368.7757442373505,,True,2,,,,,,,,,,,,,,,,False
UNSURVEYED_OTHER,unsurveyed_residual,2015,To,大羚羊（Eland）,Taurotragus oryx,hold_source_conflicts,not_surveyed_or_not_matched,,368.7757442373505,,True,2,,,,,,,,,,,,,,,,False
