node_id,lon,lat,barrier,name,access,motor_vehicle
osm:89025854,17.0432667,-18.8034459,gate,Von Lindequist Gate,customers,
osm:259475112,15.4471747,-19.2411054,gate,,,
osm:288792175,16.5871288,-18.9335051,gate,,yes,
osm:977756935,16.129709,-19.2392335,gate,,,
osm:1253853873,15.916722,-19.1782636,gate,,,
osm:1253853890,15.919757,-19.1774013,gate,,private,
osm:1293391986,15.9398313,-19.3318463,gate,Entrance Gate Ongava Camp,,
osm:1299335341,17.1666654,-18.6205867,gate,Vetenary Control Gate,,yes
osm:1846614139,16.9348724,-18.8083515,gate,,,
osm:1846614222,16.9414176,-18.8105609,gate,,,
osm:1847239463,17.0454499,-18.8038937,gate,,,
osm:1848895589,17.0453666,-18.8030346,gate,Onguma Private Game Reserve,,
osm:1851700220,17.1490184,-18.643929,swing_gate,,,yes
osm:2332806277,15.9400971,-19.3312847,gate,Ombika Gate,customers,
osm:2332811639,15.9195943,-19.178677,gate,,no,
osm:2332811821,15.9191315,-19.179289,gate,,customers,
osm:2332814483,14.4175839,-19.2411145,gate,Veterinary Gate Werda,,
osm:2332815609,14.4726789,-19.298123,gate,Gate Hobatere Concession,,
osm:2337091209,16.465564,-19.0338568,gate,,customers,
osm:2337091257,16.4711281,-19.0345394,gate,,customers,
osm:2339309039,16.586404,-18.9333063,gate,,yes,
osm:2341116944,16.7446981,-18.5013484,gate,,,yes
osm:2341117213,16.808005,-18.558561,gate,,,
osm:2343133796,16.8746839,-18.6932849,gate,King Nahale Gate,,
osm:2343133800,16.8751787,-18.6937283,gate,,,
osm:3222295971,15.1065081,-19.226377,gate,,,
osm:4616784558,14.8610189,-18.9723154,gate,,permissive,
osm:4624302919,14.8610214,-18.9724431,cattle_grid,,,
osm:4723861578,15.832398,-18.9906613,gate,,yes,
osm:4723880672,15.308457,-18.9765942,gate,,,
osm:5323219774,14.4860794,-19.3147121,gate,Staff Access gate,permissive,
osm:5323219805,14.486732,-19.3146739,gate,,,
osm:5323219806,14.4816264,-19.3147368,gate,Galton Gate,,yes
osm:5325761886,14.505874,-19.3175077,gate,unmaned gate,,
osm:5325761888,14.5342168,-19.2814306,gate,unmaned gate,,
osm:5418157935,16.7442325,-18.500941,gate,Nehale Iya Mpingana Gate,,
osm:5425906970,14.9574373,-18.6209147,gate,Management Entrance Gate,forestry,
osm:5433773039,15.9403385,-19.3287651,cattle_grid,,,
osm:6226553780,17.0432615,-18.8033787,gate,Von Lindequist Gate,customers,
osm:6226745982,16.2719241,-19.0621851,yes,,,no
osm:6535575951,15.9189293,-19.1795762,gate,,,
osm:8040008504,17.089486,-18.6650393,swing_gate,,,yes
osm:8040008548,17.1569912,-18.6400834,swing_gate,,,no
osm:8041651596,17.1365269,-18.6185638,swing_gate,,,
osm:8042226455,17.0426138,-18.8033292,gate,,,
osm:8042226456,17.0428653,-18.8032912,gate,,,
osm:11971853918,14.4307091,-19.0736875,gate,,,
osm:13960711166,16.2310167,-19.0535426,yes,,,no
osm:13960711201,16.2718496,-19.0619693,yes,,,no
osm:13960711223,16.0475847,-19.2095355,yes,,,no
osm:13960711249,16.4040602,-18.995228,yes,,,no
osm:13960711254,16.2296163,-19.0550316,yes,,,no
osm:14006851006,16.6983499,-18.9378949,yes,,,no
