region_id,year,wet6_precipitation_mm,spi_wet6,deficit_delta,baseline_n
ENP1,1972,203.88992815312292,-0.4301197870650703,0.21505989353253516,49
ENP1,1973,225.57758768320076,-0.2640685187547343,0.13203425937736715,49
ENP1,1974,417.2556534864102,0.8740157402412606,0.0,49
ENP1,1975,431.07417501216844,0.9412460054535888,0.0,49
ENP1,1976,386.17047483979906,0.7173211616404817,0.0,49
ENP1,1977,163.10046827353693,-0.7788948195246871,0.38944740976234354,49
ENP1,1978,261.27616527074804,-0.012990327876840346,0.006495163938420173,49
ENP1,1979,231.11845004845608,-0.22340964255739296,0.11170482127869648,49
ENP1,1980,344.63038622676345,0.49451202195299265,0.0,49
ENP1,1981,115.3449009870969,-1.2764700694356423,0.6382350347178212,49
ENP1,1982,216.38480442772683,-0.3330557603840258,0.1665278801920129,49
ENP1,1983,177.8230627671728,-0.6466676609065818,0.3233338304532909,49
ENP1,1984,290.19504570078664,0.17391462798703913,0.0,49
ENP1,1985,243.0093854135399,-0.13834139518293256,0.06917069759146628,49
ENP1,1986,304.3986317330529,0.2611709024149435,0.0,49
ENP1,1987,170.643273876602,-0.7101548486286938,0.3550774243143469,49
ENP1,1988,261.89754937658756,-0.008831800427729275,0.004415900213864637,49
ENP1,1989,266.8063630521843,0.023788552365398462,0.0,49
ENP1,1990,337.5143946968277,0.45460170355466933,0.0,49
ENP1,1991,306.78459412477923,0.2755609658173188,0.0,49
ENP1,1992,226.29834754715958,-0.2587413364201136,0.1293706682100568,49
ENP1,1993,247.73481167508328,-0.1053197265009588,0.0526598632504794,49
ENP1,1994,166.88591109060022,-0.7441251182662411,0.37206255913312053,49
ENP1,1995,476.2977682917242,1.1520216447016054,0.0,49
ENP1,1996,158.63719416191148,-0.8206250859648619,0.41031254298243097,49
ENP1,1997,286.5089091489983,0.15080591018803116,0.0,49
ENP1,1998,198.49025013378923,-0.4733338068817525,0.23666690344087624,49
ENP1,1999,179.25330084123908,-0.6342350235550295,0.31711751177751474,49
ENP1,2000,523.8530501259896,1.360271617055462,0.0,49
ENP1,2001,241.61467735699392,-0.1481708026233365,0.07408540131166826,49
ENP1,2002,231.356421595784,-0.22167834825728452,0.11083917412864226,49
ENP1,2003,266.2273365261109,0.019961888211530682,0.0,49
ENP1,2004,252.1777995630012,-0.07465834984225571,0.037329174921127854,49
ENP1,2005,445.2185167543149,1.0086363453048168,0.0,49
ENP1,2006,834.3663998321715,2.4921314978026423,0.0,49
ENP1,2007,207.44833862557542,-0.4020704321250832,0.2010352160625416,49
ENP1,2008,366.813190547763,0.6155536742100702,0.0,49
ENP1,2009,725.5455199333353,2.131075688857875,0.0,49
ENP1,2010,258.5669679897701,-0.031199534769486774,0.015599767384743387,49
ENP1,2011,803.070351291413,2.3914137575861076,0.0,49
ENP1,2012,427.8586100646897,0.9257272651697322,0.0,49
ENP1,2013,123.89036025127291,-1.1778316894964953,0.5889158447482477,49
ENP1,2014,383.6073206693974,0.7040399347748153,0.0,49
ENP1,2015,189.2815164412016,-0.5489423228805118,0.2744711614402559,49
ENP1,2016,72.37637728513656,-1.8747808581199066,0.9373904290599533,49
ENP1,2017,340.05326835685776,0.4689040917947804,0.0,49
ENP1,2018,55.0364886555408,-2.194420029184068,1.0,49
ENP1,2019,31.83560769132273,-2.775114326217154,1.0,49
ENP1,2020,218.46072928765813,-0.31730437630752795,0.15865218815376397,49
ENP1,2021,361.10231688380173,0.584861259274178,0.0,49
ENP1,2022,185.22542147243055,-0.5830537109163441,0.29152685545817203,49
ENP1,2023,149.11241297363574,-0.9125208570046127,0.45626042850230636,49
ENP1,2024,157.99477785016828,-0.826699101980618,0.413349550990309,49
ENP2,1972,210.71821193891887,-0.4472515364553729,0.22362576822768646,49
ENP2,1973,233.8260245559615,-0.2720702909180537,0.13603514545902684,49
ENP2,1974,427.8340016614996,0.8721221324954466,0.0,49
ENP2,1975,450.57097214922186,0.981648141073261,0.0,49
ENP2,1976,387.3925173329091,0.6675880151828324,0.0,49
ENP2,1977,164.39081948714775,-0.8431421085277322,0.4215710542638661,49
ENP2,1978,272.172393661919,-0.005743246474128789,0.0028716232370643944,49
ENP2,1979,236.7984847967243,-0.2504083854989587,0.12520419274947936,49
ENP2,1980,359.13406800822423,0.5162478616647935,0.0,49
ENP2,1981,120.87282888089892,-1.2947355352713654,0.6473677676356827,49
ENP2,1982,220.16505801471286,-0.374118159558463,0.1870590797792315,49
ENP2,1983,184.01636117958222,-0.6670177501853422,0.3335088750926711,49
ENP2,1984,296.75839803049115,0.15192046849554758,0.0,49
ENP2,1985,234.09058963322198,-0.2701346804679595,0.13506734023397976,49
ENP2,1986,303.2496491121088,0.1920783107771979,0.0,49
ENP2,1987,168.20404780693104,-0.8078122238621411,0.40390611193107057,49
ENP2,1988,270.6955842640617,-0.015513202410465964,0.007756601205232982,49
ENP2,1989,277.07881454003444,0.026461730534485698,0.0,49
ENP2,1990,332.63934506331645,0.36706795145235405,0.0,49
ENP2,1991,300.5971005371768,0.17573843148098783,0.0,49
ENP2,1992,229.4605873637775,-0.30422664254082915,0.15211332127041458,49
ENP2,1993,253.96199697911786,-0.12881450329061317,0.06440725164530658,49
ENP2,1994,181.2854129762755,-0.6907142546581457,0.34535712732907287,49
ENP2,1995,472.78431058071146,1.0852625282383936,0.0,49
ENP2,1996,165.5592782922094,-0.8322556741251695,0.41612783706258477,49
ENP2,1997,294.20179824320326,0.1359431516765795,0.0,49
ENP2,1998,206.26547174125255,-0.48250608790479377,0.24125304395239688,49
ENP2,1999,187.69201027404895,-0.6355072216646671,0.31775361083233356,49
ENP2,2000,548.2254147387144,1.4155102767125145,0.0,49
ENP2,2001,273.344479301852,0.0019854164964435844,0.0,49
ENP2,2002,268.7137726714973,-0.028680610182037714,0.014340305091018857,49
ENP2,2003,294.36027127142165,0.13693621138019502,0.0,49
ENP2,2004,264.67003363200035,-0.05575213202942828,0.02787606601471414,49
ENP2,2005,433.5749004926262,0.9001248233858712,0.0,49
ENP2,2006,836.867932393831,2.4654494201147443,0.0,49
ENP2,2007,217.69128138250863,-0.39305754770702106,0.19652877385351053,49
ENP2,2008,359.6040123686141,0.5188274079414298,0.0,49
ENP2,2009,738.3773854000725,2.136932675680609,0.0,49
ENP2,2010,266.1228890711305,-0.04599384031039657,0.022996920155198285,49
ENP2,2011,854.2534368794677,2.520932164393442,0.0,49
ENP2,2012,435.98854850173984,0.9118263961220167,0.0,49
ENP2,2013,141.271400031544,-1.0707361441399517,0.5353680720699758,49
ENP2,2014,398.21042783135624,0.7236106722167137,0.0,49
ENP2,2015,228.21888244125137,-0.31344940348342654,0.15672470174171327,49
ENP2,2016,95.63272813916261,-1.6134153784134178,0.8067076892067089,49
ENP2,2017,354.8210735780402,0.49246933170949503,0.0,49
ENP2,2018,57.787327312181084,-2.2360197334625465,1.0,49
ENP2,2019,31.77812911427074,-2.8844207361001053,1.0,49
ENP2,2020,213.68649517655552,-0.4240339788748885,0.21201698943744424,49
ENP2,2021,333.6756515188404,0.3730475444468149,0.0,49
ENP2,2022,193.28122581449122,-0.5884032522763971,0.29420162613819856,49
ENP2,2023,149.73821298313024,-0.9845254390940874,0.4922627195470437,49
ENP2,2024,162.12197377880528,-0.8644369835416094,0.4322184917708047,49
ENP3410,1972,307.81508796027316,0.13247055508342748,0.0,49
ENP3410,1973,222.3300922323707,-0.4755060795408608,0.2377530397704304,49
ENP3410,1974,503.08881527041746,1.185843266547221,0.0,49
ENP3410,1975,381.9492750765636,0.5732493425785252,0.0,49
ENP3410,1976,513.4746573634819,1.23371238921316,0.0,49
ENP3410,1977,222.44411860665278,-0.474596738616478,0.237298369308239,49
ENP3410,1978,370.29191731273136,0.5079325256615309,0.0,49
ENP3410,1979,336.2436565392954,0.3090380812869192,0.0,49
ENP3410,1980,304.98188712477616,0.1142867655054655,0.0,49
ENP3410,1981,154.95749557955708,-1.0815978091598253,0.5407989045799126,49
ENP3410,1982,255.66054798506326,-0.2222460132587221,0.11112300662936105,49
ENP3410,1983,198.5257859946081,-0.6728344821519984,0.3364172410759992,49
ENP3410,1984,301.315403486982,0.09058639623232008,0.0,49
ENP3410,1985,270.8105842273481,-0.11453575220733148,0.05726787610366574,49
ENP3410,1986,357.6666690936699,0.43564838147330875,0.0,49
ENP3410,1987,189.94868450761328,-0.7479467819778836,0.3739733909889418,49
ENP3410,1988,271.9921145545655,-0.10630869730957446,0.05315434865478723,49
ENP3410,1989,315.78141189573165,0.18300752122208638,0.0,49
ENP3410,1990,352.13544946201785,0.4034497753564748,0.0,49
ENP3410,1991,296.16600794234523,0.05697213330850936,0.0,49
ENP3410,1992,216.63725548583778,-0.521318967074031,0.2606594835370155,49
ENP3410,1993,258.3577451574466,-0.20275950459989595,0.10137975229994797,49
ENP3410,1994,221.80091989002574,-0.4797303375146022,0.2398651687573011,49
ENP3410,1995,392.2824196031494,0.6300617302678525,0.0,49
ENP3410,1996,188.1460412303108,-0.7640317282134821,0.38201586410674104,49
ENP3410,1997,328.89192389679613,0.26435988171400465,0.0,49
ENP3410,1998,192.51482947873427,-0.7252313804603387,0.3626156902301694,49
ENP3410,1999,222.15025897126114,-0.4769408704707083,0.23847043523535416,49
ENP3410,2000,573.6835371621357,1.4997220473129467,0.0,49
ENP3410,2001,257.6112291522784,-0.20813900819765668,0.10406950409882834,49
ENP3410,2002,291.08806981505984,0.023438415225782702,0.0,49
ENP3410,2003,288.1261583772101,0.003696870554527806,0.0,49
ENP3410,2004,311.35075665910057,0.15500668031274564,0.0,49
ENP3410,2005,396.3509584053939,0.6521619347780856,0.0,49
ENP3410,2006,695.7749737994981,1.9893064723792113,0.0,49
ENP3410,2007,246.0582628975717,-0.29277536944670846,0.14638768472335423,49
ENP3410,2008,352.92719666346505,0.4080791134472286,0.0,49
ENP3410,2009,725.2972493627386,2.099451283450023,0.0,49
ENP3410,2010,281.1404008402408,-0.04341067073763947,0.021705335368819734,49
ENP3410,2011,814.7962740475273,2.417276494420456,0.0,49
ENP3410,2012,458.45041829038,0.9725414055930596,0.0,49
ENP3410,2013,125.16891429809506,-1.4107778360126269,0.7053889180063134,49
ENP3410,2014,385.907929218366,0.5951319412002866,0.0,49
ENP3410,2015,160.778218875854,-1.0226550891255604,0.5113275445627802,49
ENP3410,2016,91.69714580513494,-1.856887620551648,0.928443810275824,49
ENP3410,2017,385.34875405409315,0.5920498930311614,0.0,49
ENP3410,2018,78.868236276026,-2.060061844505225,1.0,49
ENP3410,2019,29.558817787218214,-3.2176903115223574,1.0,49
ENP3410,2020,258.22904182945797,-0.2036862067294789,0.10184310336473945,49
ENP3410,2021,405.54605408902427,0.7015688449570292,0.0,49
ENP3410,2022,216.57729614623963,-0.5218058706672448,0.2609029353336224,49
ENP3410,2023,183.06808790834617,-0.8099273783755421,0.40496368918777104,49
ENP3410,2024,170.6195200062079,-0.9263333366866437,0.4631666683433219,49
ENP5,1972,280.0670861810439,-0.07636736674728792,0.03818368337364396,49
ENP5,1973,264.2841340186091,-0.1839937976754711,0.09199689883773556,49
ENP5,1974,529.0166556849103,1.2524364971591804,0.0,49
ENP5,1975,406.57195529602427,0.6668763431603545,0.0,49
ENP5,1976,466.58097608898504,0.9662817089864435,0.0,49
ENP5,1977,222.6197475483417,-0.49087789397611,0.245438946988055,49
ENP5,1978,333.2124215906734,0.25854168513536224,0.0,49
ENP5,1979,344.30629777280114,0.3238684270621153,0.0,49
ENP5,1980,317.0378912659217,0.16065341590592247,0.0,49
ENP5,1981,134.50365215095673,-1.304443427741168,0.652221713870584,49
ENP5,1982,221.74375204285843,-0.49773720422537726,0.24886860211268863,49
ENP5,1983,207.6288154490999,-0.6109306303235201,0.30546531516176006,49
ENP5,1984,305.12896881549494,0.08642935500054641,0.0,49
ENP5,1985,234.28910860166994,-0.4012229668181383,0.20061148340906915,49
ENP5,1986,322.64181285388645,0.19493724950350086,0.0,49
ENP5,1987,166.5686363995871,-0.974014949524823,0.4870074747624115,49
ENP5,1988,264.66771411635636,-0.1813272306690822,0.0906636153345411,49
ENP5,1989,308.83692158823476,0.10974423843364885,0.0,49
ENP5,1990,336.3839850850325,0.2773631056931581,0.0,49
ENP5,1991,270.5904115602606,-0.14048221028775681,0.07024110514387841,49
ENP5,1992,216.84855620055535,-0.536415494802549,0.2682077474012745,49
ENP5,1993,256.041910241953,-0.24193752261711884,0.12096876130855942,49
ENP5,1994,217.24278253658787,-0.533278465143916,0.266639232571958,49
ENP5,1995,395.6896091764494,0.6095488360397131,0.0,49
ENP5,1996,204.89050741686887,-0.6335016476646554,0.3167508238323277,49
ENP5,1997,329.85139181016746,0.23846548531028755,0.0,49
ENP5,1998,214.67481852747684,-0.553783861098418,0.276891930549209,49
ENP5,1999,232.74625739931736,-0.4128982265463348,0.2064491132731674,49
ENP5,2000,582.2661065337269,1.4798595098398835,0.0,49
ENP5,2001,282.7909500241035,-0.058210498045129205,0.029105249022564603,49
ENP5,2002,307.2997707967786,0.10010179348852061,0.0,49
ENP5,2003,316.0006029666866,0.15426320954742836,0.0,49
ENP5,2004,328.34864656154593,0.22944521653620067,0.0,49
ENP5,2005,409.13011727173006,0.6802065719243959,0.0,49
ENP5,2006,729.5385984739195,2.047309721731362,0.0,49
ENP5,2007,242.53008673583003,-0.3397359489332285,0.16986797446661425,49
ENP5,2008,360.37263768429034,0.4160481756035161,0.0,49
ENP5,2009,761.5774653047268,2.161022860776442,0.0,49
ENP5,2010,289.65051868286446,-0.01300179146968524,0.00650089573484262,49
ENP5,2011,905.4778279597933,2.6383259240073764,0.0,49
ENP5,2012,461.0485366165033,0.9397630513785744,0.0,49
ENP5,2013,161.2174880551696,-1.025814629611643,0.5129073148058215,49
ENP5,2014,407.65835811407743,0.6725441120330448,0.0,49
ENP5,2015,221.44456294857068,-0.5000842162945143,0.25004210814725714,49
ENP5,2016,113.44622943129964,-1.553587277575174,0.776793638787587,49
ENP5,2017,391.5212264914794,0.587316768696556,0.0,49
ENP5,2018,71.51350693387894,-2.1743372431343366,1.0,49
ENP5,2019,26.141892923661533,-3.3123760110388627,1.0,49
ENP5,2020,238.21889155334864,-0.37172094444272413,0.18586047222136207,49
ENP5,2021,348.4565413401879,0.3479483144018234,0.0,49
ENP5,2022,227.4673277580273,-0.4532515773773338,0.2266257886886669,49
ENP5,2023,179.0554488727722,-0.8575424906945319,0.42877124534726596,49
ENP5,2024,186.25245065447479,-0.792980167350906,0.396490083675453,49
ENP6,1972,299.605659760014,0.11430703705757639,0.0,49
ENP6,1973,210.07354101795153,-0.5183901442154046,0.2591950721077023,49
ENP6,1974,505.0287218044815,1.1926051871126766,0.0,49
ENP6,1975,361.0566327113985,0.47752638701301,0.0,49
ENP6,1976,529.5142334634901,1.3005242092356042,0.0,49
ENP6,1977,230.38433445614962,-0.36074024992446874,0.18037012496223437,49
ENP6,1978,359.7463432804509,0.4702273002462221,0.0,49
ENP6,1979,346.8931994386386,0.39768049688742907,0.0,49
ENP6,1980,295.5704427992539,0.0887803806743472,0.0,49
ENP6,1981,156.21413614379034,-0.9952963406225506,0.4976481703112753,49
ENP6,1982,245.75333458499844,-0.247667301699734,0.123833650849867,49
ENP6,1983,196.80542728473503,-0.6271367116311184,0.3135683558155592,49
ENP6,1984,291.1271750833031,0.06040090391709887,0.0,49
ENP6,1985,274.9548701258653,-0.04541893116674206,0.02270946558337103,49
ENP6,1986,358.11809273933306,0.46113254184367725,0.0,49
ENP6,1987,187.44269812992735,-0.7069716003623775,0.35348580018118875,49
ENP6,1988,276.9682330490804,-0.03202054549594449,0.016010272747972246,49
ENP6,1989,313.3579392912471,0.19961505114824954,0.0,49
ENP6,1990,353.6945480130781,0.4362859938833537,0.0,49
ENP6,1991,291.25386292635795,0.061214075528048986,0.0,49
ENP6,1992,209.51532788728105,-0.5228681801429753,0.26143409007148766,49
ENP6,1993,254.45814839952627,-0.18574845285948943,0.09287422642974472,49
ENP6,1994,226.42652903853497,-0.39068932957627994,0.19534466478813997,49
ENP6,1995,384.95374552642784,0.6076977601698325,0.0,49
ENP6,1996,185.00585895101509,-0.7282035867404829,0.36410179337024146,49
ENP6,1997,328.3558424448373,0.28985164002596,0.0,49
ENP6,1998,181.44116189408277,-0.7596165253769426,0.3798082626884713,49
ENP6,1999,220.449654708499,-0.43660455694268746,0.21830227847134373,49
ENP6,2000,571.4126115115375,1.4780481129437693,0.0,49
ENP6,2001,239.63234531160677,-0.2921060726792882,0.1460530363396441,49
ENP6,2002,288.20656781991903,0.04158820932028304,0.0,49
ENP6,2003,273.8984375805905,-0.052475666052440445,0.026237833026220223,49
ENP6,2004,308.8442205029006,0.1718961502986815,0.0,49
ENP6,2005,381.3720884666683,0.588532336764545,0.0,49
ENP6,2006,673.4018349108837,1.878286833572644,0.0,49
ENP6,2007,243.50907143504037,-0.2638723211955137,0.13193616059775684,49
ENP6,2008,348.02410351064435,0.40413410966894964,0.0,49
ENP6,2009,730.0407883916931,2.0843037920848233,0.0,49
ENP6,2010,276.86125030939843,-0.03273083299251412,0.01636541649625706,49
ENP6,2011,824.2362542685789,2.40603927545006,0.0,49
ENP6,2012,453.64048426551835,0.954686998750951,0.0,49
ENP6,2013,123.07096278959428,-1.3501006771476733,0.6750503385738367,49
ENP6,2014,376.9926627279671,0.5649370766278693,0.0,49
ENP6,2015,145.9588023115823,-1.09881516259373,0.549407581296865,49
ENP6,2016,87.20049274510761,-1.822973632625967,0.9114868163129834,49
ENP6,2017,387.8224062719584,0.6229638998285935,0.0,49
ENP6,2018,69.70661630987476,-2.1081275084440345,1.0,49
ENP6,2019,21.82593300807907,-3.370745624851211,1.0,49
ENP6,2020,254.45917567213695,-0.18574123123207192,0.09287061561603596,49
ENP6,2021,399.18101819507643,0.6826961867045291,0.0,49
ENP6,2022,217.72514849819004,-0.45781848317166246,0.22890924158583123,49
ENP6,2023,179.17511339979393,-0.7798100453864055,0.38990502269320276,49
ENP6,2024,168.4888651662324,-0.87752513373928,0.43876256686964,49
ENP7,1972,398.1841714604216,0.5656043708036919,0.0,49
ENP7,1973,216.32446883291436,-0.5974746911799442,0.2987373455899721,49
ENP7,1974,544.0999205467231,1.2604292234420438,0.0,49
ENP7,1975,342.0969364339029,0.2539834161971326,0.0,49
ENP7,1976,620.450699132377,1.5766644721204923,0.0,49
ENP7,1977,243.86272801904514,-0.3867771456991642,0.1933885728495821,49
ENP7,1978,474.39173519578674,0.9458736707463992,0.0,49
ENP7,1979,420.1601607494646,0.679804507153208,0.0,49
ENP7,1980,272.09077045658915,-0.18708633351308568,0.09354316675654284,49
ENP7,1981,193.9978944943525,-0.7823612812689855,0.39118064063449276,49
ENP7,1982,307.66432126380766,0.04548677293175461,0.0,49
ENP7,1983,216.38240009707746,-0.5970125730684402,0.2985062865342201,49
ENP7,1984,329.16138863696335,0.17737402672437017,0.0,49
ENP7,1985,280.70566829115376,-0.12896305213663609,0.06448152606831804,49
ENP7,1986,401.0652441169147,0.5808074966969882,0.0,49
ENP7,1987,220.84710272780572,-0.5616517566776759,0.28082587833883793,49
ENP7,1988,274.71746035447654,-0.16923406467281604,0.08461703233640802,49
ENP7,1989,336.0324097763946,0.21831153912434845,0.0,49
ENP7,1990,378.4357003196141,0.45939648911503494,0.0,49
ENP7,1991,291.5406593560229,-0.05754844388199948,0.02877422194099974,49
ENP7,1992,205.6536596993325,-0.6840986500679087,0.34204932503395435,49
ENP7,1993,275.11335306292,-0.16655342524836347,0.08327671262418174,49
ENP7,1994,258.808026564176,-0.27920008321014783,0.13960004160507392,49
ENP7,1995,335.86400334014286,0.2173148727934781,0.0,49
ENP7,1996,195.16131795942647,-0.7723714683319015,0.38618573416595076,49
ENP7,1997,347.24751437425164,0.28395069760254,0.0,49
ENP7,1998,174.99938201164173,-0.9517651650299289,0.47588258251496446,49
ENP7,1999,252.32350069884615,-0.32534104096897937,0.16267052048448968,49
ENP7,2000,589.469701236648,1.4515011886403633,0.0,49
ENP7,2001,257.24240734720104,-0.290267540945379,0.1451337704726895,49
ENP7,2002,309.80439461957934,0.058887683358846706,0.0,49
ENP7,2003,284.70941492677457,-0.10236065861745491,0.05118032930872746,49
ENP7,2004,351.6468309572119,0.30931414135928104,0.0,49
ENP7,2005,368.1390962914419,0.40256805652609146,0.0,49
ENP7,2006,584.5885946978789,1.4314040771733822,0.0,49
ENP7,2007,266.91758889204925,-0.22259044838032266,0.11129522419016133,49
ENP7,2008,341.28544602788,0.2492346892469978,0.0,49
ENP7,2009,729.5576384616207,1.9884812667801135,0.0,49
ENP7,2010,291.68552049093455,-0.056605875326790685,0.028302937663395342,49
ENP7,2011,834.673064784959,2.350282905918407,0.0,49
ENP7,2012,478.6225712683369,0.965783029811987,0.0,49
ENP7,2013,120.41476625848883,-1.5252348374747173,0.7626174187373587,49
ENP7,2014,380.45915302079885,0.4704439608605405,0.0,49
ENP7,2015,143.98376593470658,-1.258655011598939,0.6293275057994695,49
ENP7,2016,109.06248756415307,-1.6673260178812792,0.8336630089406396,49
ENP7,2017,414.9884373217617,0.6532875563021919,0.0,49
ENP7,2018,93.78798937351876,-1.8766996199506367,0.9383498099753184,49
ENP7,2019,22.011036003168012,-3.5460614494301046,1.0,49
ENP7,2020,278.44783374118424,-0.1440782056202721,0.07203910281013605,49
ENP7,2021,435.03046472547277,0.754881439032322,0.0,49
ENP7,2022,236.070558100309,-0.4446620405308403,0.22233102026542015,49
ENP7,2023,200.83392590568553,-0.7242487013320633,0.36212435066603166,49
ENP7,2024,182.87628827796877,-0.8800380323652522,0.4400190161826261,49
ENP8,1972,385.505741506043,0.515522753421118,0.0,49
ENP8,1973,215.21378950889184,-0.59948149689951,0.299740748449755,49
ENP8,1974,539.7756923445809,1.266834816763772,0.0,49
ENP8,1975,344.8512947121332,0.28548241203890523,0.0,49
ENP8,1976,609.09841075964,1.5593373011190195,0.0,49
ENP8,1977,248.97256747779443,-0.340142323204682,0.170071161602341,49
ENP8,1978,461.0826684752845,0.904015289785151,0.0,49
ENP8,1979,402.59948365417546,0.6074730397362642,0.0,49
ENP8,1980,275.34494094699255,-0.1538268070776286,0.0769134035388143,49
ENP8,1981,189.03813679142095,-0.8206637414013028,0.4103318707006514,49
ENP8,1982,299.7801442652165,0.008302913854934497,0.0,49
ENP8,1983,210.38865788399409,-0.6387917578475116,0.3193958789237558,49
ENP8,1984,312.7145348624257,0.0905446301092345,0.0,49
ENP8,1985,284.6578679060634,-0.09093234034629039,0.04546617017314519,49
ENP8,1986,397.5083365547589,0.5803592119352866,0.0,49
ENP8,1987,215.46575127604612,-0.5974455804053669,0.29872279020268344,49
ENP8,1988,283.31681589501204,-0.09990255438299563,0.04995127719149781,49
ENP8,1989,340.80484207719434,0.26162178239864,0.0,49
ENP8,1990,374.17465996062504,0.45308417731136463,0.0,49
ENP8,1991,302.97773449231056,0.028852520895448278,0.0,49
ENP8,1992,212.4850907153982,-0.6216363556759474,0.3108181778379737,49
ENP8,1993,268.57762996642856,-0.2004382730911266,0.1002191365455633,49
ENP8,1994,253.79547044379515,-0.3050990793272895,0.15254953966364476,49
ENP8,1995,346.5856924097784,0.2956526930468457,0.0,49
ENP8,1996,198.34978791733351,-0.7396735128020684,0.3698367564010342,49
ENP8,1997,344.0467115981939,0.28075291166414,0.0,49
ENP8,1998,178.67208939373452,-0.9141729941180152,0.4570864970590076,49
ENP8,1999,246.26787782822987,-0.3599977184314063,0.17999885921570316,49
ENP8,2000,591.3813824463509,1.4866817424795697,0.0,49
ENP8,2001,253.22857914267314,-0.3091944382165919,0.15459721910829596,49
ENP8,2002,307.9749922201743,0.06067835629339538,0.0,49
ENP8,2003,287.19261667182514,-0.07405513687341944,0.03702756843670972,49
ENP8,2004,338.44571354406816,0.24762379728739695,0.0,49
ENP8,2005,372.6998546334588,0.44486624813148246,0.0,49
ENP8,2006,612.6571452889774,1.5737694161478246,0.0,49
ENP8,2007,266.9449327658011,-0.21180280646814284,0.10590140323407142,49
ENP8,2008,347.86917766968577,0.30315716021781625,0.0,49
ENP8,2009,716.93984619189,1.9751743371401707,0.0,49
ENP8,2010,289.20347872650063,-0.060737457000367825,0.030368728500183913,49
ENP8,2011,791.1451517524729,2.239019412942028,0.0,49
ENP8,2012,476.5105055015071,0.9781237615162106,0.0,49
ENP8,2013,111.61212721014981,-1.637412887370309,0.8187064436851546,49
ENP8,2014,384.4047089291067,0.5095090613301204,0.0,49
ENP8,2015,130.69493647192965,-1.405468434439006,0.702734217219503,49
ENP8,2016,99.56295064472029,-1.7991822208463473,0.8995911104231736,49
ENP8,2017,405.7022898387918,0.6238875804460325,0.0,49
ENP8,2018,93.53883028119469,-1.8855089595532641,0.9427544797766321,49
ENP8,2019,25.807808454660645,-3.4058568282281096,1.0,49
ENP8,2020,287.50019743859343,-0.0720140056481668,0.0360070028240834,49
ENP8,2021,452.9403716156089,0.8642548196181778,0.0,49
ENP8,2022,230.38567145152768,-0.4797073765632998,0.2398536882816499,49
ENP8,2023,202.65857350163873,-0.7030910094464207,0.35154550472321033,49
ENP8,2024,176.36900188625822,-0.9354621875750859,0.46773109378754296,49
ENP9,1972,396.9088135959943,0.4419592786942597,0.0,49
ENP9,1973,252.58802263773765,-0.45707517753061877,0.22853758876530939,49
ENP9,1974,583.0248899103066,1.3232920350478046,0.0,49
ENP9,1975,352.16980312021576,0.19087760099212936,0.0,49
ENP9,1976,619.0537027534924,1.4719247731344822,0.0,49
ENP9,1977,284.68873869922083,-0.23181113190824165,0.11590556595412083,49
ENP9,1978,514.9372586320881,1.0254984472020394,0.0,49
ENP9,1979,456.24364988102803,0.7476604019550255,0.0,49
ENP9,1980,284.62177903113246,-0.2322625416140767,0.11613127080703835,49
ENP9,1981,197.4564391807669,-0.8950692300252721,0.44753461501263603,49
ENP9,1982,321.70646493418064,0.0074883522006762605,0.0,49
ENP9,1983,238.6977281343726,-0.5606484934608054,0.2803242467304027,49
ENP9,1984,375.6174472147864,0.32494602364847364,0.0,49
ENP9,1985,306.7238346621213,-0.08700511872295186,0.04350255936147593,49
ENP9,1986,407.2209551738121,0.49714653431364536,0.0,49
ENP9,1987,235.78993372551537,-0.5828523715647973,0.29142618578239865,49
ENP9,1988,273.9230723078387,-0.3053345618170755,0.15266728090853776,49
ENP9,1989,328.8277011303437,0.05136606350258077,0.0,49
ENP9,1990,392.6481964647476,0.4188818134393679,0.0,49
ENP9,1991,287.252000398328,-0.21458474302455,0.107292371512275,49
ENP9,1992,225.99585167452642,-0.6590593449239986,0.3295296724619993,49
ENP9,1993,281.718007288249,-0.25190810162174576,0.12595405081087288,49
ENP9,1994,288.0904594438439,-0.2089725159891397,0.10448625799456986,49
ENP9,1995,347.5777458875212,0.16393076152511796,0.0,49
ENP9,1996,204.51000569900808,-0.8346354816466206,0.4173177408233103,49
ENP9,1997,376.2759440480213,0.32862988449181113,0.0,49
ENP9,1998,191.26893071544126,-0.9493391112401863,0.47466955562009316,49
ENP9,1999,276.8500118532663,-0.2851535728484019,0.14257678642420096,49
ENP9,2000,599.8315280619527,1.3933326844883356,0.0,49
ENP9,2001,288.7533353124589,-0.2045433870335817,0.10227169351679084,49
ENP9,2002,330.07786661043167,0.05900306338974072,0.0,49
ENP9,2003,295.595838603346,-0.15922131396206163,0.07961065698103081,49
ENP9,2004,401.20840508539834,0.4650827998295978,0.0,49
ENP9,2005,386.95762090945817,0.387799698510433,0.0,49
ENP9,2006,569.1399869847927,1.264449084905539,0.0,49
ENP9,2007,277.2811839425307,-0.2821929635160348,0.1410964817580174,49
ENP9,2008,351.3243801303738,0.1859342067564663,0.0,49
ENP9,2009,767.5638815157283,2.032712212083185,0.0,49
ENP9,2010,311.9540451710011,-0.05367293303231395,0.026836466516156975,49
ENP9,2011,929.7305669989215,2.5722649063937957,0.0,49
ENP9,2012,494.6798563002034,0.9320418448609671,0.0,49
ENP9,2013,157.64442464482815,-1.2681624883577913,0.6340812441788957,49
ENP9,2014,391.7846338909637,0.414184240805227,0.0,49
ENP9,2015,187.0009725078911,-0.9874945766064186,0.4937472883032093,49
ENP9,2016,134.13242090895267,-1.5212277337640434,0.7606138668820217,49
ENP9,2017,437.9933332365667,0.6565581261039063,0.0,49
ENP9,2018,107.07825763586418,-1.8557993471845795,0.9278996735922898,49
ENP9,2019,22.866235320396314,-3.7157923308243355,1.0,49
ENP9,2020,274.65646269716024,-0.3002641751216709,0.15013208756083546,49
ENP9,2021,411.2540162811655,0.5184798124291198,0.0,49
ENP9,2022,262.1978139973656,-0.3876852864231893,0.19384264321159464,49
ENP9,2023,212.19012817639356,-0.7704649711133983,0.38523248555669914,49
ENP9,2024,209.9136072446366,-0.7893151540323283,0.39465757701616416,49
ENP11,1972,371.8376140300086,0.22836900009285988,0.0,49
ENP11,1973,271.70271658489054,-0.41923703906078214,0.20961851953039107,49
ENP11,1974,626.2105210819515,1.4688242876392286,0.0,49
ENP11,1975,378.447273931461,0.26675957030670444,0.0,49
ENP11,1976,579.3512861220555,1.2689325316371192,0.0,49
ENP11,1977,321.53864748716404,-0.07987279985002481,0.039936399925012404,49
ENP11,1978,521.1374521498141,1.0055970631018367,0.0,49
ENP11,1979,448.9960863084255,0.6513496981211677,0.0,49
ENP11,1980,308.5571206087972,-0.164628815436135,0.0823144077180675,49
ENP11,1981,192.75660476851553,-1.0578814148103628,0.5289407074051814,49
ENP11,1982,324.97594521799374,-0.057818174704821264,0.028909087352410632,49
ENP11,1983,247.24024164358096,-0.6015566120252728,0.3007783060126364,49
ENP11,1984,395.8927078192541,0.3659949074052317,0.0,49
ENP11,1985,340.43961383608774,0.03950700786835618,0.0,49
ENP11,1986,403.4218762680069,0.4079293338615097,0.0,49
ENP11,1987,242.92545433167572,-0.6349865216228322,0.3174932608114161,49
ENP11,1988,282.4884789532465,-0.3424117779870565,0.17120588899352826,49
ENP11,1989,349.31724414334593,0.09404720247618882,0.0,49
ENP11,1990,394.434830706052,0.3578143057665246,0.0,49
ENP11,1991,293.0946778749645,-0.2687893664219117,0.13439468321095585,49
ENP11,1992,244.8558620403989,-0.6199800390971171,0.30999001954855854,49
ENP11,1993,280.73853009413347,-0.3547388404893059,0.17736942024465294,49
ENP11,1994,309.23821313278006,-0.16012277417600712,0.08006138708800356,49
ENP11,1995,359.314824711223,0.15436945195382062,0.0,49
ENP11,1996,212.1859670498463,-0.8859130818314045,0.44295654091570225,49
ENP11,1997,406.91252788308196,0.4271955148031308,0.0,49
ENP11,1998,210.47409124962687,-0.9006111036027032,0.4503055518013516,49
ENP11,1999,287.1670406444266,-0.3097081060326571,0.15485405301632854,49
ENP11,2000,597.0671196951176,1.3456775328892276,0.0,49
ENP11,2001,324.2765325212519,-0.06229302565311107,0.031146512826555534,49
ENP11,2002,341.56151313511367,0.04645163159796708,0.0,49
ENP11,2003,306.92897047839875,-0.17542780585083612,0.08771390292541806,49
ENP11,2004,416.0625267098618,0.4771855175864429,0.0,49
ENP11,2005,400.4987200898809,0.39171047866899533,0.0,49
ENP11,2006,581.3712595077156,1.277758244348084,0.0,49
ENP11,2007,291.50435223513534,-0.2797118632942972,0.1398559316471486,49
ENP11,2008,360.9852456562089,0.16433860714985524,0.0,49
ENP11,2009,778.3648591889257,2.0590249629514727,0.0,49
ENP11,2010,325.73547804579954,-0.05296600749157437,0.026483003745787183,49
ENP11,2011,965.9438828043498,2.6945102860026586,0.0,49
ENP11,2012,509.59452758314063,0.9511556210723902,0.0,49
ENP11,2013,177.48507156365343,-1.2018137185672098,0.6009068592836049,49
ENP11,2014,400.27930685766046,0.3904899331190447,0.0,49
ENP11,2015,207.15451986240893,-0.929352165637295,0.4646760828186475,49
ENP11,2016,143.9522370004227,-1.5518760183011926,0.7759380091505963,49
ENP11,2017,446.89014755761343,0.6404685199329436,0.0,49
ENP11,2018,121.96552729634298,-1.814695676831203,0.9073478384156015,49
ENP11,2019,29.335375861017447,-3.6776051321898793,1.0,49
ENP11,2020,278.98505124614394,-0.36714338414111686,0.18357169207055843,49
ENP11,2021,409.9323602933937,0.44377525231981646,0.0,49
ENP11,2022,278.1833558941981,-0.3728324796930416,0.1864162398465208,49
ENP11,2023,221.50902204754607,-0.8072837000560045,0.40364185002800224,49
ENP11,2024,224.3282330382338,-0.783961032631165,0.3919805163155825,49
ENP12,1972,441.2346139763685,0.691836928632812,0.0,49
ENP12,1973,238.99838018422497,-0.662186521223049,0.3310932606115245,49
ENP12,1974,597.211822666863,1.4720313655151147,0.0,49
ENP12,1975,378.632254237751,0.3277122007558612,0.0,49
ENP12,1976,615.291485946378,1.5535741398493776,0.0,49
ENP12,1977,268.7242719873151,-0.4237360416704855,0.21186802083524275,49
ENP12,1978,546.379874990523,1.2339696483385398,0.0,49
ENP12,1979,424.0831225888791,0.5956484187923772,0.0,49
ENP12,1980,295.76250522027607,-0.22202330756424543,0.11101165378212272,49
ENP12,1981,208.48434483327648,-0.9292837104660274,0.4646418552330137,49
ENP12,1982,369.0168460529038,0.2683358993410189,0.0,49
ENP12,1983,229.96429459300776,-0.7386749192041807,0.36933745960209036,49
ENP12,1984,363.72013454762043,0.2351884013219027,0.0,49
ENP12,1985,317.0393914318433,-0.07190851492869509,0.03595425746434754,49
ENP12,1986,434.86191578026165,0.6563885368084686,0.0,49
ENP12,1987,262.7095913475515,-0.4704692509746516,0.2352346254873258,49
ENP12,1988,284.00928090516453,-0.30809794955198355,0.15404897477599178,49
ENP12,1989,391.7584687563313,0.4071770155932978,0.0,49
ENP12,1990,390.46977203889963,0.39945406013504015,0.0,49
ENP12,1991,320.8768327792665,-0.045562836035056405,0.022781418017528202,49
ENP12,1992,221.87830695344152,-0.8089175674670782,0.4044587837335391,49
ENP12,1993,284.8373008246198,-0.3019556956295092,0.1509778478147546,49
ENP12,1994,301.70731607767846,-0.1793663731605901,0.08968318658029505,49
ENP12,1995,309.60107611774237,-0.12359324280766017,0.06179662140383008,49
ENP12,1996,215.75462594061958,-0.8633034865475245,0.43165174327376227,49
ENP12,1997,407.2926749082911,0.49897914917729036,0.0,49
ENP12,1998,194.18058486809483,-1.0639330274012357,0.5319665137006179,49
ENP12,1999,275.4382567663162,-0.3724045266851808,0.1862022633425904,49
ENP12,2000,590.8126797278801,1.442793526501211,0.0,49
ENP12,2001,335.36337313689614,0.05202866395598299,0.0,49
ENP12,2002,355.4549547358979,0.18281647624671035,0.0,49
ENP12,2003,308.30367138696914,-0.13269361211987857,0.06634680605993928,49
ENP12,2004,386.3921449891584,0.37490593493188523,0.0,49
ENP12,2005,371.5836122726181,0.28428545516938597,0.0,49
ENP12,2006,544.0289251942436,1.222622244308873,0.0,49
ENP12,2007,304.8135563603038,-0.15730315883841423,0.07865157941920711,49
ENP12,2008,325.6810691391854,-0.012876434109690712,0.006438217054845356,49
ENP12,2009,679.0314508253535,1.829489366064511,0.0,49
ENP12,2010,318.4328335878766,-0.06231727272760017,0.031158636363800084,49
ENP12,2011,759.8697098389691,2.156865533035252,0.0,49
ENP12,2012,519.9031550602871,1.1043072612324536,0.0,49
ENP12,2013,130.12089790381395,-1.772119533754285,0.8860597668771425,49
ENP12,2014,408.67687994786144,0.5070466102600298,0.0,49
ENP12,2015,148.85641962568832,-1.5431553031769516,0.7715776515884758,49
ENP12,2016,131.83699642607056,-1.7501940476259974,0.8750970238129987,49
ENP12,2017,431.1637961658525,0.6356614302245397,0.0,49
ENP12,2018,146.06720083437665,-1.5758767492852974,0.7879383746426487,49
ENP12,2019,46.11718812916025,-3.2925382896623394,1.0,49
ENP12,2020,315.0557029827413,-0.08561154047044502,0.04280577023522251,49
ENP12,2021,488.96708943832414,0.9472901345237138,0.0,49
ENP12,2022,255.72280468027563,-0.5256830210355213,0.26284151051776067,49
ENP12,2023,235.02048821108502,-0.6956157057831657,0.34780785289158284,49
ENP12,2024,193.38801948195606,-1.0715940993983917,0.5357970496991958,49
ENP13,1972,401.16785525449285,0.21960176397207687,0.0,49
ENP13,1973,277.80122152527935,-0.7231487297381769,0.36157436486908845,49
ENP13,1974,746.1494658266553,2.105159629348566,0.0,49
ENP13,1975,408.9871237756019,0.2723426673475572,0.0,49
ENP13,1976,560.2493981502753,1.1830829129305527,0.0,49
ENP13,1977,342.7414386844971,-0.19804608735442075,0.09902304367721038,49
ENP13,1978,529.9035143680569,1.014600159374304,0.0,49
ENP13,1979,445.27371932169035,0.5087222865207695,0.0,49
ENP13,1980,363.9855103325062,-0.04103724722028322,0.02051862361014161,49
ENP13,1981,225.1715896511336,-1.2146406576522226,0.6073203288261113,49
ENP13,1982,411.81569280327136,0.29125634982829296,0.0,49
ENP13,1983,283.71390259878996,-0.6720759124843744,0.3360379562421872,49
ENP13,1984,447.0403263003246,0.5199001331275556,0.0,49
ENP13,1985,420.32978438749626,0.34767234561723687,0.0,49
ENP13,1986,438.2079439826713,0.46372037279234074,0.0,49
ENP13,1987,295.312365714893,-0.573967815047629,0.2869839075238145,49
ENP13,1988,320.32045139660744,-0.3710385055092781,0.18551925275463904,49
ENP13,1989,500.80723078520714,0.8470638313006235,0.0,49
ENP13,1990,390.9416584808986,0.14958415382184506,0.0,49
ENP13,1991,358.2593264213894,-0.08273821194009287,0.041369105970046435,49
ENP13,1992,254.6211831471262,-0.9308998329526347,0.46544991647631734,49
ENP13,1993,294.58893748187717,-0.5800093383779266,0.2900046691889633,49
ENP13,1994,384.06055811491933,0.10178050198308,0.0,49
ENP13,1995,289.8444458618358,-0.6198849224667439,0.30994246123337194,49
ENP13,1996,232.38767641750957,-1.142834426213053,0.5714172131065265,49
ENP13,1997,528.3244617378107,1.0056637534702013,0.0,49
ENP13,1998,254.65295469515448,-0.9306063313104126,0.4653031656552063,49
ENP13,1999,302.96984837954363,-0.5106285489254389,0.2553142744627194,49
ENP13,2000,561.5020173315871,1.1899091584515804,0.0,49
ENP13,2001,446.95059290648817,0.51933306566644,0.0,49
ENP13,2002,396.03804394099274,0.18462895383931574,0.0,49
ENP13,2003,337.6492229233712,-0.2366492680006051,0.11832463400030255,49
ENP13,2004,446.8140247367864,0.5184698832917312,0.0,49
ENP13,2005,389.3465824018488,0.13855327239327925,0.0,49
ENP13,2006,558.6079427371541,1.174122723338038,0.0,49
ENP13,2007,356.97765792674977,-0.0921331354074873,0.04606656770374365,49
ENP13,2008,328.2702451853256,-0.30879069469192566,0.15439534734596283,49
ENP13,2009,661.8157111910956,1.707543313464568,0.0,49
ENP13,2010,364.2057416321167,-0.03944222596576393,0.019721112982881966,49
ENP13,2011,694.7909645372793,1.8666409247529325,0.0,49
ENP13,2012,575.4560966324746,1.2652965466750308,0.0,49
ENP13,2013,184.3726261180824,-1.6542817599121873,0.8271408799560936,49
ENP13,2014,471.23526167174396,0.6701459981476443,0.0,49
ENP13,2015,192.2753528161273,-1.5641202153374056,0.7820601076687028,49
ENP13,2016,172.96057267624315,-1.7894526063968041,0.8947263031984021,49
ENP13,2017,476.51982281783745,0.7022843249886846,0.0,49
ENP13,2018,215.5990948778875,-1.3124176997703145,0.6562088498851573,49
ENP13,2019,86.23066249483374,-3.117586940029267,1.0,49
ENP13,2020,346.3347655164222,-0.17103772251254798,0.08551886125627399,49
ENP13,2021,507.6252687869576,0.8868793769939273,0.0,49
ENP13,2022,313.5268548843575,-0.42506807355203186,0.21253403677601593,49
ENP13,2023,285.15315124476854,-0.6597544186222428,0.3298772093111214,49
ENP13,2024,235.5980746970027,-1.1113867747632484,0.5556933873816242,49
ENP14,1972,420.110347727773,0.040948699472263955,0.0,49
ENP14,1973,383.78826466945657,-0.2250425809387223,0.11252129046936114,49
ENP14,1974,796.540623562508,2.1774862093564034,0.0,49
ENP14,1975,446.1439145424817,0.22226738987919956,0.0,49
ENP14,1976,628.34696348545,1.3288915338909155,0.0,49
ENP14,1977,451.36950260572183,0.2578080789428453,0.0,49
ENP14,1978,581.780670229293,1.0685040256086793,0.0,49
ENP14,1979,532.4081875746472,0.7771660724478958,0.0,49
ENP14,1980,408.77691752776536,-0.040333548346613624,0.020166774173306812,49
ENP14,1981,286.2290791576402,-1.0362238148968925,0.5181119074484463,49
ENP14,1982,463.3341209848027,0.3381663854893237,0.0,49
ENP14,1983,353.9888726144601,-0.45622764246516173,0.22811382123258087,49
ENP14,1984,479.87472008460225,0.4470255009176427,0.0,49
ENP14,1985,409.0817606270949,-0.038127636045462834,0.019063818022731417,49
ENP14,1986,461.9024112140003,0.32862358641031286,0.0,49
ENP14,1987,315.3215592570741,-0.7768070013223002,0.3884035006611501,49
ENP14,1988,374.5998414277722,-0.29499320959536623,0.14749660479768312,49
ENP14,1989,554.8870056226812,0.9119039800440161,0.0,49
ENP14,1990,448.74122112302086,0.23996677262099272,0.0,49
ENP14,1991,385.0386969246203,-0.21561067389224292,0.10780533694612146,49
ENP14,1992,331.0109580508749,-0.6436677811566491,0.32183389057832457,49
ENP14,1993,304.63633187262354,-0.8700976266580562,0.4350488133290281,49
ENP14,1994,395.63134392933944,-0.13652584788149263,0.06826292394074632,49
ENP14,1995,256.9452901032089,-1.316437049241876,0.658218524620938,49
ENP14,1996,249.71055630712763,-1.3890557027110937,0.6945278513555468,49
ENP14,1997,672.0284503460263,1.5620432670057798,0.0,49
ENP14,1998,316.58876915989043,-0.7658876352097229,0.38294381760486146,49
ENP14,1999,347.5030494192659,-0.5082764599735505,0.25413822998677527,49
ENP14,2000,561.8003726304656,0.9526241005337027,0.0,49
ENP14,2001,437.4735566584799,0.16268216015672166,0.0,49
ENP14,2002,383.10261426774485,-0.23022316987388516,0.11511158493694258,49
ENP14,2003,359.95220523457505,-0.40893922602946126,0.20446961301473063,49
ENP14,2004,577.7526630088284,1.0453536402916608,0.0,49
ENP14,2005,410.60823307287944,-0.02709826637631865,0.013549133188159325,49
ENP14,2006,653.6357992495222,1.465097790615092,0.0,49
ENP14,2007,375.10866589558265,-0.2910895067148141,0.14554475335740705,49
ENP14,2008,368.9436400183846,-0.3386305755052564,0.1693152877526282,49
ENP14,2009,684.9227693630511,1.6289956664251621,0.0,49
ENP14,2010,411.67334286032695,-0.01941867388150909,0.009709336940754544,49
ENP14,2011,624.7569491948119,1.3092705935069522,0.0,49
ENP14,2012,605.9680699864992,1.2053737775773945,0.0,49
ENP14,2013,224.70458001075144,-1.6519954810318773,0.8259977405159387,49
ENP14,2014,550.0841453530984,0.8834195777110138,0.0,49
ENP14,2015,217.40417917361538,-1.7326178106763406,0.8663089053381703,49
ENP14,2016,202.73796309680102,-1.900553305293751,0.9502766526468756,49
ENP14,2017,541.2993965595409,0.8308964712425125,0.0,49
ENP14,2018,295.8939969211093,-0.9481100849321419,0.47405504246607094,49
ENP14,2019,147.0791616385939,-2.630586903037717,1.0,49
ENP14,2020,379.05598560993354,-0.2609262934804117,0.13046314674020584,49
ENP14,2021,516.5548242048886,0.6798852091033764,0.0,49
ENP14,2022,376.1149561199823,-0.28337974936537763,0.14168987468268882,49
ENP14,2023,336.8575589508411,-0.5951558168710956,0.2975779084355478,49
ENP14,2024,291.8335688068393,-0.9848832650603668,0.4924416325301834,49
ENP15,1972,412.0551796078855,0.14541560836701972,0.0,49
ENP15,1973,291.0840047578297,-0.7661278401256892,0.3830639200628446,49
ENP15,1974,796.3451331746836,2.19882341257078,0.0,49
ENP15,1975,447.4877482489287,0.377501940556495,0.0,49
ENP15,1976,583.4412549808751,1.1698333532931446,0.0,49
ENP15,1977,390.7541139664738,-0.0005710063646832065,0.00028550318234160324,49
ENP15,1978,565.5900166061662,1.0732050856041162,0.0,49
ENP15,1979,469.0394591454916,0.5127624937427784,0.0,49
ENP15,1980,357.51646949195407,-0.23941636933205196,0.11970818466602598,49
ENP15,1981,247.09329788621446,-1.1622010323092864,0.5811005161546432,49
ENP15,1982,421.6810139101686,0.20973703112300543,0.0,49
ENP15,1983,295.4326328716332,-0.7292749339704749,0.36463746698523747,49
ENP15,1984,473.559510232506,0.5406078811118303,0.0,49
ENP15,1985,422.0973830422088,0.21249713077975915,0.0,49
ENP15,1986,422.5791677022722,0.2156886095032991,0.0,49
ENP15,1987,304.14537703748437,-0.6565413078750788,0.3282706539375394,49
ENP15,1988,341.01702491219856,-0.3635706996639621,0.18178534983198105,49
ENP15,1989,548.290762056502,0.9776580856254501,0.0,49
ENP15,1990,427.24998442352023,0.24650476349472872,0.0,49
ENP15,1991,340.220214539953,-0.3696683884318501,0.18483419421592506,49
ENP15,1992,275.747540737386,-0.8991993774268877,0.44959968871344386,49
ENP15,1993,333.47616419445626,-0.42166973847583467,0.21083486923791733,49
ENP15,1994,443.4500788828085,0.3516848599450852,0.0,49
ENP15,1995,309.5744774808163,-0.6119373177095371,0.30596865885476854,49
ENP15,1996,271.8368118027371,-0.9339441227766523,0.46697206138832614,49
ENP15,1997,568.3129572747883,1.0880708172938673,0.0,49
ENP15,1998,280.1468209747565,-0.8605176444859145,0.43025882224295725,49
ENP15,1999,332.99139503008706,-0.425435017660989,0.2127175088304945,49
ENP15,2000,549.2810352128865,0.9831799902242767,0.0,49
ENP15,2001,427.32574605464794,0.2470027585659334,0.0,49
ENP15,2002,364.8530433168022,-0.18545117533434316,0.09272558766717158,49
ENP15,2003,337.8850333298442,-0.3875945455273644,0.1937972727636822,49
ENP15,2004,512.8340883430337,0.7755068796679864,0.0,49
ENP15,2005,385.4346288907335,-0.03785481013978266,0.01892740506989133,49
ENP15,2006,577.1079810255967,1.1357735956735182,0.0,49
ENP15,2007,381.3993719559598,-0.06636820110588115,0.033184100552940576,49
ENP15,2008,362.9165763218233,-0.19962357901427036,0.09981178950713518,49
ENP15,2009,705.835716539127,1.7859387996449265,0.0,49
ENP15,2010,385.18275549969457,-0.039628692837673056,0.019814346418836528,49
ENP15,2011,760.0428993303462,2.0369834794305337,0.0,49
ENP15,2012,590.0038633969231,1.2048749998527173,0.0,49
ENP15,2013,198.19062213392579,-1.6651522975380875,0.8325761487690437,49
ENP15,2014,502.7904025921226,0.7165918772073518,0.0,49
ENP15,2015,203.32297392374412,-1.6085178429027838,0.8042589214513919,49
ENP15,2016,185.16971035513723,-1.8136556925720722,0.9068278462860361,49
ENP15,2017,507.9038198858275,0.7466818625797836,0.0,49
ENP15,2018,244.37138901773127,-1.188264494311019,0.5941322471555095,49
ENP15,2019,102.62540272723928,-2.991774487550613,1.0,49
ENP15,2020,352.65448452660416,-0.27559205181757496,0.13779602590878748,49
ENP15,2021,493.6965551270166,0.6625796086641408,0.0,49
ENP15,2022,344.07976506423586,-0.34022209133066295,0.17011104566533147,49
ENP15,2023,301.61256462669036,-0.6775364865258108,0.3387682432629054,49
ENP15,2024,270.21134403868024,-0.9484870135455484,0.4742435067727742,49
ENP16,1972,443.1342462890526,0.20984227577047596,0.0,49
ENP16,1973,265.1484937492668,-1.0935975690084785,0.5467987845042392,49
ENP16,1974,778.2679514252594,1.9232527479420316,0.0,49
ENP16,1975,479.54130981815854,0.43035428041457496,0.0,49
ENP16,1976,625.828528503,1.219509407667498,0.0,49
ENP16,1977,447.647832126611,0.23781799271187332,0.0,49
ENP16,1978,615.1229382087557,1.166116443711744,0.0,49
ENP16,1979,488.99280452455696,0.4857772844722497,0.0,49
ENP16,1980,304.71405428467557,-0.7613734072587868,0.3806867036293934,49
ENP16,1981,242.134138899126,-1.3029639209561172,0.6514819604780586,49
ENP16,1982,423.2587796031031,0.08434227724058112,0.0,49
ENP16,1983,295.9234493808636,-0.8324934792025236,0.4162467396012618,49
ENP16,1984,472.1971838257194,0.3867885038685374,0.0,49
ENP16,1985,408.1893579490196,-0.013458327694934814,0.006729163847467407,49
ENP16,1986,395.2237289607738,-0.09955932646043615,0.049779663230218076,49
ENP16,1987,310.2458120090064,-0.7173383288084341,0.35866916440421703,49
ENP16,1988,359.61985331931265,-0.3462145937648633,0.17310729688243165,49
ENP16,1989,612.738165510596,1.1541409577789978,0.0,49
ENP16,1990,445.9827724117138,0.22751968645480952,0.0,49
ENP16,1991,372.9723605919576,-0.2518595781035337,0.12592978905176686,49
ENP16,1992,311.9390564914476,-0.7039670954292198,0.3519835477146099,49
ENP16,1993,397.6631637199425,-0.08321655647876905,0.041608278239384525,49
ENP16,1994,513.0498718541079,0.623731686821193,0.0,49
ENP16,1995,336.88616965601415,-0.5124769076322173,0.25623845381610866,49
ENP16,1996,340.31755235248534,-0.4869029936435708,0.2434514968217854,49
ENP16,1997,609.865970333806,1.139677701866355,0.0,49
ENP16,1998,295.322799159022,-0.8374057528333284,0.4187028764166642,49
ENP16,1999,353.1239521108801,-0.3929764446734041,0.19648822233670205,49
ENP16,2000,550.3220612139405,0.8293173139992707,0.0,49
ENP16,2001,426.72024747975087,0.1064774749504403,0.0,49
ENP16,2002,358.29602199603113,-0.3556977197727026,0.1778488598863513,49
ENP16,2003,336.51914032009034,-0.5152228343083806,0.2576114171541903,49
ENP16,2004,579.2657533050025,0.9827707365500817,0.0,49
ENP16,2005,376.83286923085376,-0.2250055034441625,0.11250275172208125,49
ENP16,2006,617.5038017088855,1.1780423762651626,0.0,49
ENP16,2007,430.9541491787513,0.13338991074964732,0.0,49
ENP16,2008,386.73387389998715,-0.1569703665240678,0.0784851832620339,49
ENP16,2009,747.8329540636851,1.7902971244400003,0.0,49
ENP16,2010,400.5972033564371,-0.06364911730425506,0.03182455865212753,49
ENP16,2011,868.5052625607134,2.299084013095561,0.0,49
ENP16,2012,602.860158917907,1.1042131974569487,0.0,49
ENP16,2013,215.87186811782217,-1.55965443929298,0.77982721964649,49
ENP16,2014,518.3500267042468,0.6535505656840563,0.0,49
ENP16,2015,223.72245427979354,-1.4807225706373857,0.7403612853186928,49
ENP16,2016,190.45901767467745,-1.8299908599568027,0.9149954299784013,49
ENP16,2017,529.474032819643,0.7154902470564373,0.0,49
ENP16,2018,263.68889705412613,-1.1064914760452975,0.5532457380226488,49
ENP16,2019,110.46126880169138,-2.9018567248708202,1.0,49
ENP16,2020,350.0920931292163,-0.4150015132550324,0.2075007566275162,49
ENP16,2021,470.650660113343,0.37755741686269406,0.0,49
ENP16,2022,369.1560464905021,-0.2785912346620431,0.13929561733102155,49
ENP16,2023,311.10158717243496,-0.7105742007996818,0.3552871003998409,49
ENP16,2024,296.47205479710004,-0.8280128322656385,0.41400641613281924,49
ENP17,1972,457.4151885047251,0.21109875847589687,0.0,49
ENP17,1973,249.62066912113357,-1.2604426429166842,0.6302213214583421,49
ENP17,1974,780.308575229533,1.780241027936404,0.0,49
ENP17,1975,495.2568975587577,0.4266368415103358,0.0,49
ENP17,1976,659.1488227669538,1.2523014481136765,0.0,49
ENP17,1977,495.67979233385296,0.42898288636011755,0.0,49
ENP17,1978,628.2544817481142,1.1078357661201945,0.0,49
ENP17,1979,485.3790713771769,0.37145793773390856,0.0,49
ENP17,1980,270.5196097443747,-1.080800676591502,0.540400338295751,49
ENP17,1981,231.4032473392066,-1.4258316894879768,0.7129158447439884,49
ENP17,1982,402.5540541959276,-0.12358053663762981,0.06179026831881491,49
ENP17,1983,307.1996237769302,-0.7875290709018297,0.39376453545091483,49
ENP17,1984,476.481122310112,0.32111296091393426,0.0,49
ENP17,1985,409.57310735388694,-0.07912113254794599,0.039560566273972995,49
ENP17,1986,385.51456913656,-0.23372444085689753,0.11686222042844877,49
ENP17,1987,317.225630273978,-0.7116069714819743,0.35580348574098714,49
ENP17,1988,369.0990947194984,-0.342986734838369,0.1714933674191845,49
ENP17,1989,643.1267924410333,1.1779400866492722,0.0,49
ENP17,1990,456.2650952658617,0.20436581467396744,0.0,49
ENP17,1991,395.9332101016068,-0.16599788262471785,0.08299894131235892,49
ENP17,1992,330.87759643320686,-0.6108285947585647,0.30541429737928233,49
ENP17,1993,431.27255819220545,0.055173798384655554,0.0,49
ENP17,1994,540.6573902422897,0.6713249566171563,0.0,49
ENP17,1995,354.2274753107053,-0.4448517276877755,0.22242586384388774,49
ENP17,1996,369.80112439946083,-0.3382474259143667,0.16912371295718334,49
ENP17,1997,630.1303051955265,1.11673668823616,0.0,49
ENP17,1998,303.4975897022604,-0.8159932198320455,0.40799660991602277,49
ENP17,1999,364.6510059182585,-0.3731580173099375,0.18657900865496874,49
ENP17,2000,562.355462128044,0.7835151373737542,0.0,49
ENP17,2001,436.29196163360893,0.08559111013576583,0.0,49
ENP17,2002,364.33285062443304,-0.37532559474725957,0.18766279737362979,49
ENP17,2003,340.9059086310228,-0.5385972617287091,0.26929863086435457,49
ENP17,2004,604.8406296235122,0.9952566337300409,0.0,49
ENP17,2005,385.74214013267914,-0.23223200978366418,0.11611600489183209,49
ENP17,2006,632.3412391306091,1.127205740994211,0.0,49
ENP17,2007,455.32777192087957,0.19887012595342235,0.0,49
ENP17,2008,405.6973061971252,-0.10360698564413126,0.05180349282206563,49
ENP17,2009,787.1937612113358,1.8086182591020759,0.0,49
ENP17,2010,409.46384511741365,-0.07980927402807367,0.039904637014036834,49
ENP17,2011,1008.9081047597996,2.6493875268100213,0.0,49
ENP17,2012,618.8283368262042,1.0628454391030833,0.0,49
ENP17,2013,248.50772757534816,-1.2702992827189243,0.6351496413594622,49
ENP17,2014,502.2504637975171,0.46526564133401993,0.0,49
ENP17,2015,261.2234307290694,-1.1594681984732569,0.5797340992366284,49
ENP17,2016,195.132924192618,-1.7846921730429202,0.8923460865214601,49
ENP17,2017,531.8971136708004,0.625193643854518,0.0,49
ENP17,2018,268.1669763396079,-1.100529448714892,0.550264724357446,49
ENP17,2019,107.17701081732406,-2.9190217496281106,1.0,49
ENP17,2020,338.9795345122268,-0.5523588127399807,0.27617940636999033,49
ENP17,2021,445.92490004214864,0.1433180863749487,0.0,49
ENP17,2022,383.7672761665058,-0.24520320003014698,0.12260160001507349,49
ENP17,2023,313.02169597394135,-0.743237772923557,0.3716188864617785,49
ENP17,2024,313.4280935572278,-0.7401673140039979,0.37008365700199897,49
PAN_MAIN,1972,404.2081703731804,0.2660507985180952,0.0,49
PAN_MAIN,1973,249.47135581818407,-0.8191033525436567,0.40955167627182837,49
PAN_MAIN,1974,727.1593090671604,1.8492552513866727,0.0,49
PAN_MAIN,1975,414.38739689501205,0.3267589824661242,0.0,49
PAN_MAIN,1976,574.172250844814,1.1726448845181108,0.0,49
PAN_MAIN,1977,342.0563271985858,-0.128695199200499,0.0643475996002495,49
PAN_MAIN,1978,556.5929451327739,1.0877768908953882,0.0,49
PAN_MAIN,1979,444.5454436895231,0.5010190180646543,0.0,49
PAN_MAIN,1980,322.1229845568561,-0.26544640804635206,0.13272320402317603,49
PAN_MAIN,1981,215.84541274026577,-1.113768507450415,0.5568842537252074,49
PAN_MAIN,1982,383.86848523787086,0.14163298445883235,0.0,49
PAN_MAIN,1983,258.1950543736915,-0.7472091242911819,0.37360456214559096,49
PAN_MAIN,1984,440.1012108496528,0.47584001251423624,0.0,49
PAN_MAIN,1985,404.7763463523113,0.26946592084239523,0.0,49
PAN_MAIN,1986,415.97772769444754,0.33615399816319796,0.0,49
PAN_MAIN,1987,284.2418095364913,-0.5420406408387348,0.2710203204193674,49
PAN_MAIN,1988,304.3879343408662,-0.3920183591931831,0.19600917959659156,49
PAN_MAIN,1989,472.4943485484188,0.655688871748218,0.0,49
PAN_MAIN,1990,408.0989259482296,0.2893734304258168,0.0,49
PAN_MAIN,1991,316.6043507002678,-0.30431402069478797,0.15215701034739398,49
PAN_MAIN,1992,245.67198537097644,-0.8509587283225654,0.4254793641612827,49
PAN_MAIN,1993,317.37137851490075,-0.29888453789688935,0.14944226894844467,49
PAN_MAIN,1994,397.36233982245176,0.22464973357272575,0.0,49
PAN_MAIN,1995,331.51371117538935,-0.20033076451418966,0.10016538225709483,49
PAN_MAIN,1996,244.01476683587777,-0.8649603551392688,0.4324801775696344,49
PAN_MAIN,1997,476.88961222075244,0.6794614358777294,0.0,49
PAN_MAIN,1998,236.53840418663106,-0.92896001949848,0.46448000974924,49
PAN_MAIN,1999,311.2868715000926,-0.3422018075799804,0.1711009037899902,49
PAN_MAIN,2000,570.4456426986518,1.154795372389095,0.0,49
PAN_MAIN,2001,399.35156062407236,0.23672834443848906,0.0,49
PAN_MAIN,2002,356.6516189678681,-0.03193539732016032,0.01596769866008016,49
PAN_MAIN,2003,317.9380890738327,-0.2948787310168565,0.14743936550842826,49
PAN_MAIN,2004,442.85588903600876,0.4914663955715813,0.0,49
PAN_MAIN,2005,379.2019273265593,0.1124712406514248,0.0,49
PAN_MAIN,2006,529.2106423920405,0.9520594473895797,0.0,49
PAN_MAIN,2007,350.19142868012915,-0.07442858060252784,0.03721429030126392,49
PAN_MAIN,2008,359.4540701944179,-0.013662353018086389,0.006831176509043194,49
PAN_MAIN,2009,747.7206677177583,1.9330377966058097,0.0,49
PAN_MAIN,2010,353.67645972218565,-0.051440322117665846,0.025720161058832923,49
PAN_MAIN,2011,937.187692697489,2.644760730848596,0.0,49
PAN_MAIN,2012,556.6466023180907,1.088038547315549,0.0,49
PAN_MAIN,2013,188.1824010859896,-1.3813312369234028,0.6906656184617014,49
PAN_MAIN,2014,421.0727098027898,0.36609381497996524,0.0,49
PAN_MAIN,2015,204.99015381737024,-1.2157131004007073,0.6078565502003537,49
PAN_MAIN,2016,163.16845195035756,-1.648438289232006,0.824219144616003,49
PAN_MAIN,2017,471.9718840164039,0.6528534099907225,0.0,49
PAN_MAIN,2018,177.32256044993701,-1.4939864634218003,0.7469932317109002,49
PAN_MAIN,2019,52.19521211905392,-3.4547932760252262,1.0,49
PAN_MAIN,2020,312.8941467676774,-0.33070374868452906,0.16535187434226453,49
PAN_MAIN,2021,458.7535778864406,0.5804210235453123,0.0,49
PAN_MAIN,2022,307.692952582959,-0.3680584561637004,0.1840292280818502,49
PAN_MAIN,2023,256.18896884410384,-0.7635915302430716,0.3817957651215358,49
PAN_MAIN,2024,245.32977668622507,-0.8538446340925399,0.42692231704626993,49
UNSURVEYED_OTHER,1972,296.81135502980777,-0.018770463442889407,0.009385231721444703,49
UNSURVEYED_OTHER,1973,242.76719144258664,-0.42386980564807425,0.21193490282403712,49
UNSURVEYED_OTHER,1974,526.9088259237511,1.3003397818922233,0.0,49
UNSURVEYED_OTHER,1975,401.70644737551487,0.6442062513705914,0.0,49
UNSURVEYED_OTHER,1976,478.22384227656795,1.0586173957060796,0.0,49
UNSURVEYED_OTHER,1977,240.51329026292802,-0.4420434123520527,0.22102170617602634,49
UNSURVEYED_OTHER,1978,370.95335109178075,0.4630918038898406,0.0,49
UNSURVEYED_OTHER,1979,328.1447111964279,0.19366454491874147,0.0,49
UNSURVEYED_OTHER,1980,322.5252102556317,0.15659500033305512,0.0,49
UNSURVEYED_OTHER,1981,153.20342792252066,-1.2613437889872958,0.6306718944936479,49
UNSURVEYED_OTHER,1982,277.1004064847739,-0.1602372795329919,0.08011863976649596,49
UNSURVEYED_OTHER,1983,209.87491818105434,-0.7015613949609463,0.35078069748047314,49
UNSURVEYED_OTHER,1984,332.2435094303478,0.22043674336686672,0.0,49
UNSURVEYED_OTHER,1985,292.23833809503145,-0.05101414505573338,0.02550707252786669,49
UNSURVEYED_OTHER,1986,354.00543452183933,0.3590225002720917,0.0,49
UNSURVEYED_OTHER,1987,212.3128894808871,-0.6799895551408648,0.3399947775704324,49
UNSURVEYED_OTHER,1988,278.19063566893715,-0.15223841843739805,0.07611920921869902,49
UNSURVEYED_OTHER,1989,338.88980101484293,0.2633853241985719,0.0,49
UNSURVEYED_OTHER,1990,367.3849162922527,0.44144472330947354,0.0,49
UNSURVEYED_OTHER,1991,314.39379340970095,0.10218456832476082,0.0,49
UNSURVEYED_OTHER,1992,237.4970352079743,-0.4665471688024924,0.2332735844012462,49
UNSURVEYED_OTHER,1993,268.66027711986817,-0.22289332752928198,0.11144666376464099,49
UNSURVEYED_OTHER,1994,239.52598661675918,-0.45004090449742246,0.22502045224871123,49
UNSURVEYED_OTHER,1995,410.1054212907153,0.6920799658672824,0.0,49
UNSURVEYED_OTHER,1996,189.24047739293175,-0.891495082835685,0.4457475414178425,49
UNSURVEYED_OTHER,1997,362.47272322180584,0.4114179395964842,0.0,49
UNSURVEYED_OTHER,1998,210.21702136647932,-0.6985239567634801,0.34926197838174006,49
UNSURVEYED_OTHER,1999,224.9723428828629,-0.570641706899677,0.2853208534498385,49
UNSURVEYED_OTHER,2000,541.0675525921584,1.3679321940053808,0.0,49
UNSURVEYED_OTHER,2001,284.71338063208725,-0.10481870367006649,0.052409351835033244,49
UNSURVEYED_OTHER,2002,261.03238208998084,-0.28067740573869254,0.14033870286934627,49
UNSURVEYED_OTHER,2003,280.3162647051606,-0.13670364894880058,0.06835182447440029,49
UNSURVEYED_OTHER,2004,334.42293180709765,0.23458269155422082,0.0,49
UNSURVEYED_OTHER,2005,429.0681747715255,0.7978596506604357,0.0,49
UNSURVEYED_OTHER,2006,732.9792296575839,2.1904569012750605,0.0,49
UNSURVEYED_OTHER,2007,252.6472024124525,-0.3455372508850466,0.1727686254425233,49
UNSURVEYED_OTHER,2008,366.8015207328469,0.437892517930566,0.0,49
UNSURVEYED_OTHER,2009,713.7709920808056,2.1147415647245915,0.0,49
UNSURVEYED_OTHER,2010,290.6539274888161,-0.06226470697509548,0.03113235348754774,49
UNSURVEYED_OTHER,2011,763.5760457238543,2.3085559275666956,0.0,49
UNSURVEYED_OTHER,2012,467.9170615228678,1.005433418379332,0.0,49
UNSURVEYED_OTHER,2013,133.3957929608597,-1.4916591873709073,0.7458295936854537,49
UNSURVEYED_OTHER,2014,403.111194858304,0.6522585425845823,0.0,49
UNSURVEYED_OTHER,2015,162.45104307154173,-1.1610344195517623,0.5805172097758812,49
UNSURVEYED_OTHER,2016,94.41162935155722,-2.02938631519535,1.0,49
UNSURVEYED_OTHER,2017,384.5874153399199,0.5445590105293415,0.0,49
UNSURVEYED_OTHER,2018,105.78721522307478,-1.8579429236082134,0.9289714618041067,49
UNSURVEYED_OTHER,2019,47.12765489284832,-2.976028865803117,1.0,49
UNSURVEYED_OTHER,2020,265.51009739927895,-0.24662044216555049,0.12331022108277524,49
UNSURVEYED_OTHER,2021,421.8884758270126,0.7581748952174686,0.0,49
UNSURVEYED_OTHER,2022,229.04832338108798,-0.5363385623622762,0.2681692811811381,49
UNSURVEYED_OTHER,2023,198.0902443082318,-0.8083566676004986,0.4041783338002493,49
UNSURVEYED_OTHER,2024,192.78475237213095,-0.8578801885568242,0.4289400942784121,49
