region_id,animal_share_2015,animal_rank_15,conditional_lower,conditional_upper,survey_area_2015_km2,geometry_area_km2,fuel_share_2021,fuel_area_km2,data_status
ENP1,0.17419679657610218,1,0.0731367849849452,0.4243226889602484,1728.118,1763.884013232535,0.09798950011539581,1725.9185618162096,historical_candidate_with_quality_flags
ENP2,0.03813017856772792,10,0.012855626219003224,0.1217745935360335,259.7612,269.18058749365116,0.015269922839977648,268.9537474523554,historical_candidate_with_quality_flags
ENP3410,0.08034598633465087,6,0.02272832638454139,0.2325828962925301,2396.1,2405.6692714354785,0.13167138717992366,2319.1677774281625,historical_candidate_with_quality_flags
ENP5,0.039147003731762206,9,0.011893194567249814,0.1335815898372221,1006.661,994.5693469249248,0.0562586806059404,990.9010762044537,historical_candidate_with_quality_flags
ENP6,0.034276565818842565,12,0.004086526719298382,0.13779410271947928,701.0328,724.3314136075037,0.04086145496842579,719.7051062590614,historical_candidate_with_quality_flags
ENP7,0.05400878850688271,8,0.011946675630095953,0.19285714352624256,600.6719,578.2355918880318,0.030816302789622194,542.7768171949384,historical_candidate_with_quality_flags
ENP8,0.023954381161963096,13,0.0024455896554560173,0.08751159950118485,441.8536,385.082546373341,0.02161925939140981,380.7865233766111,historical_candidate_with_quality_flags
ENP9,0.022624774588301682,14,0.0022448122590680115,0.08586125820616719,665.4298,572.3639995566231,0.029637109548459713,522.0073316837986,historical_candidate_with_quality_flags
ENP11,0.055955813436399215,7,0.004266820132639122,0.16580187495512336,2811.934,2809.470863178253,0.14383932088482326,2533.48525649994,historical_candidate_with_quality_flags
ENP12,0.09931534375467845,3,0.029307010417760935,0.28429122181257294,1489.425,1464.3136498436747,0.07794331768661034,1372.8391165016515,historical_candidate_with_quality_flags
ENP13,0.03795091097464275,11,0.013577789253035322,0.12477356222414311,1427.367,1399.2293709088808,0.07942793790599546,1398.9881793182485,historical_candidate_with_quality_flags
ENP14,0.006824063999186512,15,0.00036767701642996753,0.036238874279876265,1145.296,1107.4973114279728,0.06280959818026999,1106.2843593638606,historical_candidate_with_quality_flags
ENP15,0.15569948715934784,2,0.049522714711678066,0.39012808481726774,2038.162,2062.8559871057746,0.11096080592459209,1954.3860755878088,historical_candidate_with_quality_flags
ENP16,0.08890296515548511,4,0.02212216440717055,0.256314466483051,918.1365,909.4403216695301,0.03710897692963603,653.6115810106622,historical_candidate_with_quality_flags
ENP17,0.0886669402340269,5,0.02798191002830807,0.24770640180283823,921.1887,925.8142381847515,0.043371563669249595,763.9164063863851,historical_candidate_with_quality_flags
PAN_MAIN,,,,,,4166.148349940353,0.0,0.0,animal_unknown_not_zero
UNSURVEYED_OTHER,,,,,,368.7757442373505,0.02041486137966826,359.5730986542548,animal_unknown_not_zero
