name,latitude,longitude,region_id,base_name,round_travel_hours,offroad_km,outward_road_equivalent_km,return_road_equivalent_km,nearest_osm_name,nearest_osm_distance_km,coordinate_year,current_pump_status
Nabrownij,-19.16174,15.99463,ENP12,Okaukuejo,0.5973518869355016,0.042340175801877745,8.64272698551844,8.64272698551844,,0.19722291222587537,2013,unknown_assumed_operating_in_scenario
Gemsbokvlakte,-19.21406,16.05917,ENP12,Okaukuejo,1.0814397742641488,0.05991425246941904,15.77223972044159,15.77223972044159,,0.008615228733955404,2013,unknown_assumed_operating_in_scenario
Olifantsbad,-19.23725,16.12846,ENP12,Okaukuejo,1.6132977210260284,0.026784164116327818,23.998584584517967,23.998584584517967,,0.2818463780840765,2013,unknown_assumed_operating_in_scenario
Dolomitepunt,-19.00285,14.47264,ENP1,Olifantsrus,3.1023091630227015,0.14438775067579693,45.45076383427222,45.45269479627187,,0.025878337392890916,2013,unknown_assumed_operating_in_scenario
Duineveld,-18.95098,14.60858,ENP1,Olifantsrus,1.9774094945186549,0.22125700281460114,28.00380278294111,27.999627010399518,Duineveld Waterhole,0.21178187421499298,2013,unknown_assumed_operating_in_scenario
Nomab,-18.96113,14.76448,ENP1,Olifantsrus,0.7693443230976045,0.005333952507208716,11.500160202660002,11.500160202660002,,0.03485047162903297,2013,unknown_assumed_operating_in_scenario
Olifantsrus,-18.96552,14.86024,ENP1,Olifantsrus,0.08012669434768167,0.0012087986151860602,1.1928344256013297,1.1928344256013297,Olifantsrus Waterhole,0.14082411855014326,2013,unknown_assumed_operating_in_scenario
Teobron,-18.97164,14.95716,ENP3410,Olifantsrus,0.7587325744768356,0.0627488803437121,10.910372014574692,10.910372014574692,Tobieroen Waterhole,0.03934536445724748,2013,unknown_assumed_operating_in_scenario
Toespad,-18.98002,15.06087,ENP6,Olifantsrus,1.4832039572985551,0.038087140613253405,21.953941881423077,21.970869728334776,,0.09213182880288978,2013,unknown_assumed_operating_in_scenario
Duivelsvuur,-18.98666,15.25956,ENP6,Olifantsrus,3.044789342913573,0.04897908029839703,45.30449704146561,45.30449704146561,,0.1702630642391748,2013,unknown_assumed_operating_in_scenario
Sonderkop,-18.96876,15.32755,ENP6,Olifantsrus,3.3904127458512328,0.04517821428665386,50.49614526788634,50.53856389335084,Sonderkop Waterhole,0.07548204430689545,2013,unknown_assumed_operating_in_scenario
Mbari,-18.97636,15.50411,ENP7,Okaukuejo,3.8579040024169555,0.04463249635243145,57.51412134401386,57.55351128320833,,0.059202220100033634,2013,unknown_assumed_operating_in_scenario
Okahakana,-18.88073,15.58623,ENP11,Okaukuejo,4.907637924547072,0.2468414301719069,71.76325814191678,71.76325814191678,Okahakana,0.8507717446866219,2013,unknown_assumed_operating_in_scenario
Pan Point,-18.78652,15.61755,ENP9,Okaukuejo,4.919488768326551,0.1213736184574214,72.88202938646761,72.88202938646761,,0.11325658159492936,2013,unknown_assumed_operating_in_scenario
Narawandu,-18.73846,15.50196,ENP9,Okaukuejo,5.805351480826743,0.038398190842516784,86.79228578108227,86.79228578108227,,0.04999918505246566,2013,unknown_assumed_operating_in_scenario
Gruneveld,-19.12602,15.63597,ENP3410,Okaukuejo,2.1671479767557824,0.04428751670529349,32.175063276047034,32.175063276047034,Grunewald,0.0449556139490258,2013,unknown_assumed_operating_in_scenario
Eindpaal,-19.21308,15.52981,ENP8,Okaukuejo,3.3197020053089483,0.23101899381185897,48.05182270197531,48.07395255011525,Eindpaal,0.10206313227456223,2013,unknown_assumed_operating_in_scenario
