region_id,target_count,support_area_km2,animal_value_2015,animal_status,demand_weight,response_reachable_area_fraction,service_completion_fraction,reachable_service_completion_fraction,ground_person_hours,drone_flight_hours,drone_operator_person_hours,allocated_monitoring_person_hours
ENP1,27,1762.5513065284151,0.1745792493758871,historical_six_taxa,0.1984333731587298,0.8787267007305369,0.8787267007305369,1.0,0.0,29.30514146319269,487.8918257320338,487.8918257320338
ENP2,9,268.97289868433967,0.038699996988152296,historical_six_taxa,0.0475415631097278,0.7670910068861497,0.7670910068861497,1.0,0.0,4.438241900760177,92.86242673020261,92.86242673020261
ENP3410,52,2403.8666046077356,0.07971742592464931,historical_six_taxa,0.08330493902597218,0.19207691938710295,0.02881153790806544,0.15,0.0,1.3254496750964107,18.72171393125094,18.72171393125094
ENP5,18,993.777471723865,0.03843379890318231,historical_six_taxa,0.042882764346229195,0.05935931224515803,0.008903896836773704,0.15,0.0,0.12195578174266047,4.497887427165056,4.497887427165056
ENP6,19,723.7634037094589,0.031985535313787054,historical_six_taxa,0.024183104827935228,0.20566590478459817,0.030849885717689724,0.15,0.0,0.6068448670980187,6.928523626537377,6.928523626537377
ENP7,13,577.8177714990314,0.053850623870214075,historical_six_taxa,0.03332777440929905,0.001884980202812062,0.0002827470304218093,0.15,0.0,0.0025074879202138336,0.07752735997483212,0.07752735997483212
ENP8,6,384.8009340933307,0.023823180146114436,historical_six_taxa,0.014910467518638447,0.08552429819371499,0.012828644729057247,0.15,0.0,0.11245095566913246,2.2391079676241517,2.2391079676241517
ENP9,12,571.9561918624978,0.0236432293157511,historical_six_taxa,0.02893707115278952,0,0.0,,0.0,0.0,0,0.0
ENP11,53,2807.6507164790487,0.051914098919597466,historical_six_taxa,0.07512952115884676,0.00018708579829191134,2.80628697437867e-05,0.15,0.0,0.0011580155968253403,0.03934816334959188,0.03934816334959188
ENP12,28,1463.5632262057911,0.09677656165903757,historical_six_taxa,0.1129199470983823,0.924851736182012,0.7668042894574616,0.8291105043744585,0.0,21.66842400012255,287.4763157299256,287.4763157299256
ENP13,21,1398.9309976208137,0.03895713105218031,historical_six_taxa,0.05703165814536445,0.4987462850091379,0.07481194275137068,0.15,0.0,1.9250044192831148,31.068112997692822,31.068112997692822
ENP14,25,1107.6484497249198,0.006947109378972714,historical_six_taxa,0.023231554711934124,0.11667090680781306,0.01750063602117196,0.15000000000000002,0.0,0.34773416776329935,9.614107496601687,9.614107496601687
ENP15,37,2062.8591000107876,0.15805708488592438,historical_six_taxa,0.09861576732428946,0.5232709981744339,0.19607954526457838,0.37471892374821564,0.0,7.269160183940587,78.71596997415104,78.71596997415104
ENP16,14,909.5943347510139,0.09076311861989478,historical_six_taxa,0.06121934099348816,0.8462704904076193,0.7583875069768024,0.896152607910874,0.0,12.601249173788352,148.86409399852732,148.86409399852732
ENP17,19,925.9967946964282,0.0918518556466551,historical_six_taxa,0.09220669460866812,0.7759811221386504,0.7200415225803428,0.9279111334511144,0.0,14.684395802265074,187.32871312567082,187.32871312567082
PAN_MAIN,64,4164.78737911663,,unknown_not_imputed,0.0,0.09050690275828624,0.013576035413742936,0.15,0.0,1.3453238752914802,9.11323398823238,9.11323398823238
UNSURVEYED_OTHER,182,368.56335155200526,,unknown_not_imputed,0.006124458409705405,0.6180719840745643,0.09271079761118464,0.15,0.0,0.46052656054309465,2.5610917510602524,2.5610917510602524
