case_id,mode,human_budget,drone_budget,scope,staff,success,reason,solver_status,score,total_person_hours,required_staff,base_ground_hours,base_drone_operator_hours,fire_ground_hours,fire_drone_operator_hours,water_hours,response_hours,total_flight_hours,parameter,value,policy
q2_monitoring_N24,forward,2880,1200.0,q2_monitoring,24,False,LP_infeasible_or_failure,2,,,,,,,,,,,,,
q2_monitoring_N30,forward,3600,1200.0,q2_monitoring,30,True,,,29.88492523055607,3599.9999999683046,30,0.0,719.9999999683046,0.0,0.0,0.0,2880.0,61.315786417955046,,,
q2_monitoring_N35,forward,4200,1200.0,q2_monitoring,35,True,,,44.9440135021173,4199.999999941743,35,0.0,1319.9999999417437,0.0,0.0,0.0,2880.0,93.82392880977625,,,
q2_monitoring_N40,forward,4800,1200.0,q2_monitoring,40,True,,,53.179648574323984,4799.999999907674,40,0.0,1919.9999999076736,0.0,0.0,0.0,2880.0,124.9208206314699,,,
q2_monitoring_N44,forward,5280,1200.0,q2_monitoring,44,True,,,57.239210029745614,5279.999999739022,44,0.0,2399.9999997390228,0.0,0.0,0.0,2880.0,144.18157028662165,,,
q2_monitoring_N45,forward,5400,1200.0,q2_monitoring,45,True,,,57.260161284231835,5286.114336435483,45,0.0,2406.114336435482,0.0,0.0,0.0,2880.0,144.34338322044937,,,
q2_monitoring_N46,forward,5520,1200.0,q2_monitoring,46,True,,,57.260161284231835,5286.114336435483,45,0.0,2406.114336435482,0.0,0.0,0.0,2880.0,144.34338322044937,,,
q2_monitoring_N50,forward,6000,1200.0,q2_monitoring,50,True,,,57.260161284231835,5286.114336435483,45,0.0,2406.114336435482,0.0,0.0,0.0,2880.0,144.34338322044937,,,
q2_monitoring_N53,forward,6360,1200.0,q2_monitoring,53,True,,,57.260161284231835,5286.114336435483,45,0.0,2406.114336435482,0.0,0.0,0.0,2880.0,144.34338322044937,,,
q2_monitoring_N55,forward,6600,1200.0,q2_monitoring,55,True,,,57.260161284231835,5286.114336435483,45,0.0,2406.114336435482,0.0,0.0,0.0,2880.0,144.34338322044937,,,
q2_monitoring_N56,forward,6720,1200.0,q2_monitoring,56,True,,,57.260161284231835,5286.114336435483,45,0.0,2406.114336435482,0.0,0.0,0.0,2880.0,144.34338322044937,,,
q2_monitoring_N57,forward,6840,1200.0,q2_monitoring,57,True,,,57.260161284231835,5286.114336435483,45,0.0,2406.114336435482,0.0,0.0,0.0,2880.0,144.34338322044937,,,
q2_monitoring_N59,forward,7080,1200.0,q2_monitoring,59,True,,,57.260161284231835,5286.114336435483,45,0.0,2406.114336435482,0.0,0.0,0.0,2880.0,144.34338322044937,,,
q2_monitoring_N106,forward,12720,1200.0,q2_monitoring,106,True,,,57.260161284231835,5286.114336435483,45,0.0,2406.114336435482,0.0,0.0,0.0,2880.0,144.34338322044937,,,
q2_monitoring_N177,forward,21240,1200.0,q2_monitoring,177,True,,,57.260161284231835,5286.114336435483,45,0.0,2406.114336435482,0.0,0.0,0.0,2880.0,144.34338322044937,,,
q3_peak_base_N24,forward,2880,1200.0,q3_peak_base,24,False,LP_infeasible_or_failure,2,,,,,,,,,,,,,
q3_peak_base_N30,forward,3600,1200.0,q3_peak_base,30,False,LP_infeasible_or_failure,2,,,,,,,,,,,,,
q3_peak_base_N35,forward,4200,1200.0,q3_peak_base,35,False,LP_infeasible_or_failure,2,,,,,,,,,,,,,
q3_peak_base_N40,forward,4800,1200.0,q3_peak_base,40,True,,,17.774888094782277,4799.99999997423,40,0.0,374.2825151995843,0.0,1123.3789527538363,422.3385320208099,2880.0,107.34501878677129,,,
q3_peak_base_N44,forward,5280,1200.0,q3_peak_base,44,True,,,33.90394722546742,5279.999999965626,44,0.0,854.2825151909792,0.0,1123.3789527538363,422.3385320208099,2880.0,134.9472162525744,,,
q3_peak_base_N45,forward,5400,1200.0,q3_peak_base,45,True,,,37.18850937527441,5399.999999961688,45,0.0,974.2825151870422,0.0,1123.3789527538363,422.3385320208099,2880.0,141.4138890101642,,,
q3_peak_base_N46,forward,5520,1200.0,q3_peak_base,46,True,,,40.181979053864886,5519.999999958537,46,0.0,1094.2825151838915,0.0,1123.3789527538363,422.3385320208099,2880.0,149.325006317583,,,
q3_peak_base_N50,forward,6000,1200.0,q3_peak_base,50,True,,,48.91839411561571,5999.99999993096,50,0.0,1574.2825151563143,0.0,1123.3789527538363,422.3385320208099,2880.0,173.06246503452,,,
q3_peak_base_N53,forward,6360,1200.0,q3_peak_base,53,True,,,53.33281428283313,6359.99999990486,53,0.0,1934.2825151302134,0.0,1123.3789527538363,422.3385320208099,2880.0,191.9531426848817,,,
q3_peak_base_N55,forward,6600,1200.0,q3_peak_base,55,True,,,55.705974074201876,6599.99999988623,55,0.0,2174.282515111585,0.0,1123.3789527538363,422.3385320208099,2880.0,202.05071053085692,,,
q3_peak_base_N56,forward,6720,1200.0,q3_peak_base,56,True,,,56.728393836878425,6719.999999875716,56,0.0,2294.28251510107,0.0,1123.3789527538363,422.3385320208099,2880.0,206.61627278769205,,,
q3_peak_base_N57,forward,6840,1200.0,q3_peak_base,57,True,,,57.260161284231835,6831.8318212101285,57,0.0,2406.114336435482,0.0,1123.3789527538363,422.3385320208099,2880.0,210.6084367387837,,,
q3_peak_base_N59,forward,7080,1200.0,q3_peak_base,59,True,,,57.260161284231835,6831.8318212101285,57,0.0,2406.114336435482,0.0,1123.3789527538363,422.3385320208099,2880.0,210.6084367387837,,,
q3_peak_base_N106,forward,12720,1200.0,q3_peak_base,106,True,,,57.260161284231835,6831.8318212101285,57,0.0,2406.114336435482,0.0,1123.3789527538363,422.3385320208099,2880.0,210.6084367387837,,,
q3_peak_base_N177,forward,21240,1200.0,q3_peak_base,177,True,,,57.260161284231835,6831.8318212101285,57,0.0,2406.114336435482,0.0,1123.3789527538363,422.3385320208099,2880.0,210.6084367387837,,,
q2_monitoring_inverse_U0,inverse,,0,q2_monitoring,,True,,,57.260161284231835,6084.984576907993,51,3204.984576907992,0.0,0.0,0.0,0.0,2880.0,0.0,,,
q2_monitoring_inverse_U40,inverse,,40,q2_monitoring,,True,,,57.260161284231835,5727.997883916411,48,2403.0786826830936,444.91920123331784,0.0,0.0,0.0,2880.0,40.0,,,
q2_monitoring_inverse_U80,inverse,,80,q2_monitoring,,True,,,57.260161284231835,5472.717438180665,46,1583.1411186659618,1009.5763195147033,0.0,0.0,0.0,2880.0,79.99999999999999,,,
q2_monitoring_inverse_U120,inverse,,120,q2_monitoring,,True,,,57.260161284231835,5313.6672971028,45,610.0891752223896,1823.57812188041,0.0,0.0,0.0,2880.0,119.99999999999996,,,
q2_monitoring_inverse_U160,inverse,,160,q2_monitoring,,True,,,57.260161284231835,5286.114336435483,45,0.0,2406.114336435482,0.0,0.0,0.0,2880.0,144.34338322044937,,,
q2_monitoring_inverse_U200,inverse,,200,q2_monitoring,,True,,,57.260161284231835,5286.114336435483,45,0.0,2406.114336435482,0.0,0.0,0.0,2880.0,144.34338322044937,,,
q2_monitoring_inverse_U240,inverse,,240,q2_monitoring,,True,,,57.260161284231835,5286.114336435483,45,0.0,2406.114336435482,0.0,0.0,0.0,2880.0,144.34338322044937,,,
q2_monitoring_inverse_U600,inverse,,600,q2_monitoring,,True,,,57.260161284231835,5286.114336435483,45,0.0,2406.114336435482,0.0,0.0,0.0,2880.0,144.34338322044937,,,
q2_monitoring_inverse_U1200,inverse,,1200,q2_monitoring,,True,,,57.260161284231835,5286.114336435483,45,0.0,2406.114336435482,0.0,0.0,0.0,2880.0,144.34338322044937,,,
q3_peak_base_inverse_U0,inverse,,0,q3_peak_base,,True,,,57.260161284231835,7996.184015648632,67,3204.984576907992,0.0,1488.8609067198304,0.0,422.3385320208099,2880.0,0.0,,,
q3_peak_base_inverse_U40,inverse,,40,q3_peak_base,,True,,,57.260161284231835,7613.805408443131,64,2680.2790345039252,263.79241134485824,1242.007250560412,125.38818001312521,422.3385320208099,2880.0,40.000000000000014,,,
q3_peak_base_inverse_U80,inverse,,80,q3_peak_base,,True,,,57.260161284231835,7324.235288933235,62,2117.5032700783363,630.3066870941504,964.8430062669994,309.243793472939,422.3385320208099,2880.0,79.99999999999997,,,
q3_peak_base_inverse_U120,inverse,,120,q3_peak_base,,True,,,57.260161284231835,7086.4800606884555,60,1518.94202808975,1061.5860269581221,707.2757852153335,496.33768840443986,422.3385320208099,2880.0,119.99999999999997,,,
q3_peak_base_inverse_U160,inverse,,160,q3_peak_base,,True,,,57.260161284231835,6910.402675287817,58,888.1902838803321,1572.460146501313,408.1979041049043,739.2158087804578,422.3385320208099,2880.0,160.00000000000009,,,
q3_peak_base_inverse_U200,inverse,,200,q3_peak_base,,True,,,57.260161284231835,6836.030857071099,57,190.38805325889217,2218.8049520943587,79.66341627845526,1044.8359034185826,422.3385320208099,2880.0,200.0,,,
q3_peak_base_inverse_U240,inverse,,240,q3_peak_base,,True,,,57.260161284231835,6831.8318212101285,57,0.0,2406.114336435482,0.0,1123.3789527538363,422.3385320208099,2880.0,210.6084367387837,,,
q3_peak_base_inverse_U600,inverse,,600,q3_peak_base,,True,,,57.260161284231835,6831.8318212101285,57,0.0,2406.114336435482,0.0,1123.3789527538363,422.3385320208099,2880.0,210.6084367387837,,,
q3_peak_base_inverse_U1200,inverse,,1200,q3_peak_base,,True,,,57.260161284231835,6831.8318212101285,57,0.0,2406.114336435482,0.0,1123.3789527538363,422.3385320208099,2880.0,210.6084367387837,,,
parameter_fire_rate_2.0,inverse,,1200.0,q3_peak_base,,True,,,57.260161284231835,6270.142344833211,53,0.0,2406.114336435482,0.0,561.6894763769182,422.3385320208099,2880.0,177.47590997961652,fire_rate,2.0,
parameter_fire_rate_4.0,inverse,,1200.0,q3_peak_base,,True,,,57.260161284231835,6831.8318212101285,57,0.0,2406.114336435482,0.0,1123.3789527538363,422.3385320208099,2880.0,210.6084367387837,fire_rate,4.0,
parameter_fire_rate_8.0,inverse,,1200.0,q3_peak_base,,True,,,57.260161284231835,7955.210773963964,67,0.0,2406.114336435482,0.0,2246.7579055076726,422.3385320208099,2880.0,276.873490257118,fire_rate,8.0,
parameter_water_visits_2,inverse,,1200.0,q3_peak_base,,True,,,57.260161284231835,6620.662555199724,56,0.0,2406.114336435482,0.0,1123.3789527538363,211.16926601040495,2880.0,210.6084367387837,water_visits,2,
parameter_water_visits_4,inverse,,1200.0,q3_peak_base,,True,,,57.260161284231835,6831.8318212101285,57,0.0,2406.114336435482,0.0,1123.3789527538363,422.3385320208099,2880.0,210.6084367387837,water_visits,4,
parameter_water_visits_8,inverse,,1200.0,q3_peak_base,,True,,,57.260161284231835,7254.170353230938,61,0.0,2406.114336435482,0.0,1123.3789527538363,844.6770640416198,2880.0,210.6084367387837,water_visits,8,
parameter_water_onsite_hours_0.25,inverse,,1200.0,q3_peak_base,,True,,,57.260161284231835,6797.8318212101285,57,0.0,2406.114336435482,0.0,1123.3789527538363,388.3385320208099,2880.0,210.6084367387837,water_onsite_hours,0.25,
parameter_water_onsite_hours_0.5,inverse,,1200.0,q3_peak_base,,True,,,57.260161284231835,6831.8318212101285,57,0.0,2406.114336435482,0.0,1123.3789527538363,422.3385320208099,2880.0,210.6084367387837,water_onsite_hours,0.5,
parameter_water_onsite_hours_1.0,inverse,,1200.0,q3_peak_base,,True,,,57.260161284231835,6899.8318212101285,58,0.0,2406.114336435482,0.0,1123.3789527538363,490.33853202080985,2880.0,210.6084367387837,water_onsite_hours,1.0,
joint_N45_U0,forward,5400,0,q3_peak_base,45,True,,,20.30051114226017,5399.99999996468,45,608.8005612240394,0.0,1488.8609067198304,0.0,422.3385320208099,2880.0,0.0,,,
joint_N45_U80,forward,5400,80,q3_peak_base,45,True,,,33.76505378016724,5399.9999999572465,45,512.0900906862759,411.83049668549677,564.374811784436,609.366068780228,422.3385320208099,2880.0,80.0,,,
joint_N45_U120,forward,5400,120,q3_peak_base,45,True,,,36.72636104782069,5399.9999999581505,45,223.34580370021436,744.8458316260394,190.30913475807773,939.1606978530091,422.3385320208099,2880.0,119.99999999999997,,,
joint_N45_U160,forward,5400,160,q3_peak_base,45,True,,,37.18850937527439,5399.9999999616875,45,0.0,974.2825151870418,0.0,1123.3789527538363,422.3385320208099,2880.0,141.41388901016416,,,
joint_N45_U200,forward,5400,200,q3_peak_base,45,True,,,37.18850937527439,5399.9999999616875,45,0.0,974.2825151870418,0.0,1123.3789527538363,422.3385320208099,2880.0,141.41388901016416,,,
joint_N45_U240,forward,5400,240,q3_peak_base,45,True,,,37.18850937527441,5399.999999961688,45,0.0,974.2825151870422,0.0,1123.3789527538363,422.3385320208099,2880.0,141.4138890101642,,,
joint_N45_U600,forward,5400,600,q3_peak_base,45,True,,,37.18850937527441,5399.999999961688,45,0.0,974.2825151870422,0.0,1123.3789527538363,422.3385320208099,2880.0,141.4138890101642,,,
joint_N45_U1200,forward,5400,1200,q3_peak_base,45,True,,,37.18850937527441,5399.999999961688,45,0.0,974.2825151870422,0.0,1123.3789527538363,422.3385320208099,2880.0,141.4138890101642,,,
joint_N50_U0,forward,6000,0,q3_peak_base,50,True,,,34.85575468125507,5999.999999951475,50,1208.800561210834,0.0,1488.8609067198304,0.0,422.3385320208099,2880.0,0.0,,,
joint_N50_U80,forward,6000,80,q3_peak_base,50,True,,,45.08824780741097,5999.999999936169,50,1030.0264886800192,444.6837991613244,807.9203268909656,415.03085318305057,422.3385320208099,2880.0,79.99999999999999,,,
joint_N50_U120,forward,6000,120,q3_peak_base,50,True,,,47.5796002571941,5999.999999922363,50,643.8445800463437,898.902317655117,453.08803222267863,701.8265379774132,422.3385320208099,2880.0,119.99999999999997,,,
joint_N50_U160,forward,6000,160,q3_peak_base,50,True,,,48.807702223135394,5999.999999926328,50,140.41246777331295,1430.9244175423805,135.8648141205682,990.4597684692571,422.3385320208099,2880.0,160.0,,,
joint_N50_U200,forward,6000,200,q3_peak_base,50,True,,,48.918394115615726,5999.999999930961,50,0.0,1574.282515156315,0.0,1123.3789527538363,422.3385320208099,2880.0,173.06246503452002,,,
joint_N50_U240,forward,6000,240,q3_peak_base,50,True,,,48.91839411561571,5999.99999993096,50,0.0,1574.2825151563143,0.0,1123.3789527538363,422.3385320208099,2880.0,173.06246503452,,,
joint_N50_U600,forward,6000,600,q3_peak_base,50,True,,,48.91839411561571,5999.99999993096,50,0.0,1574.2825151563143,0.0,1123.3789527538363,422.3385320208099,2880.0,173.06246503452,,,
joint_N50_U1200,forward,6000,1200,q3_peak_base,50,True,,,48.91839411561571,5999.99999993096,50,0.0,1574.2825151563143,0.0,1123.3789527538363,422.3385320208099,2880.0,173.06246503452,,,
joint_N55_U0,forward,6600,0,q3_peak_base,55,True,,,44.71811943845297,6599.999999923226,55,1808.8005611825856,0.0,1488.8609067198304,0.0,422.3385320208099,2880.0,0.0,,,
joint_N55_U80,forward,6600,80,q3_peak_base,55,True,,,51.976140350405025,6599.999999892532,55,1515.8637148404007,536.6081232831104,881.4547473060511,363.73488244216,422.3385320208099,2880.0,80.0,,,
joint_N55_U120,forward,6600,120,q3_peak_base,55,True,,,53.8857311194695,6599.99999988587,55,1131.5569643276287,983.7470041641507,614.7310661110761,567.6264332622046,422.3385320208099,2880.0,120.0,,,
joint_N55_U160,forward,6600,160,q3_peak_base,55,True,,,55.21981514622988,6599.999999886798,55,611.7415392096628,1543.7446441747293,363.16434675570497,779.0109377258912,422.3385320208099,2880.0,159.99999999999997,,,
joint_N55_U200,forward,6600,200,q3_peak_base,55,True,,,55.70396369118586,6599.999999885657,55,31.771410904817284,2142.4050090085752,27.36841530062063,1096.1166326508342,422.3385320208099,2880.0,199.99999999999994,,,
joint_N55_U240,forward,6600,240,q3_peak_base,55,True,,,55.705974074201876,6599.99999988623,55,0.0,2174.282515111585,0.0,1123.3789527538363,422.3385320208099,2880.0,202.05071053085692,,,
joint_N55_U600,forward,6600,600,q3_peak_base,55,True,,,55.705974074201876,6599.99999988623,55,0.0,2174.282515111585,0.0,1123.3789527538363,422.3385320208099,2880.0,202.05071053085692,,,
joint_N55_U1200,forward,6600,1200,q3_peak_base,55,True,,,55.705974074201876,6599.99999988623,55,0.0,2174.282515111585,0.0,1123.3789527538363,422.3385320208099,2880.0,202.05071053085692,,,
joint_N57_U0,forward,6840,0,q3_peak_base,57,True,,,47.742314185910175,6839.9999999161355,57,2048.800561175495,0.0,1488.8609067198304,0.0,422.3385320208099,2880.0,0.0,,,
joint_N57_U80,forward,6840,80,q3_peak_base,57,True,,,54.07944051472514,6839.9999998806525,57,1735.329428273863,552.4886080648935,899.222987840875,350.6204436802112,422.3385320208099,2880.0,80.0,,,
joint_N57_U120,forward,6840,120,q3_peak_base,57,True,,,55.9057630243152,6839.999999873054,57,1305.6189144918026,1040.63702074417,654.1302984430138,537.275234173257,422.3385320208099,2880.0,119.99999999999999,,,
joint_N57_U160,forward,6840,160,q3_peak_base,57,True,,,56.974250844922345,6839.999999767916,57,827.1046477555275,1563.868435659155,403.7024741728387,742.985910159585,422.3385320208099,2880.0,159.99999999999994,,,
joint_N57_U200,forward,6840,200,q3_peak_base,57,True,,,57.260161284231835,6836.030857071099,57,190.38805325889217,2218.8049520943587,79.66341627845604,1044.835903418582,422.3385320208099,2880.0,199.99999999999994,,,
joint_N57_U240,forward,6840,240,q3_peak_base,57,True,,,57.260161284231835,6831.8318212101285,57,0.0,2406.114336435482,0.0,1123.3789527538363,422.3385320208099,2880.0,210.6084367387837,,,
joint_N57_U600,forward,6840,600,q3_peak_base,57,True,,,57.260161284231835,6831.8318212101285,57,0.0,2406.114336435482,0.0,1123.3789527538363,422.3385320208099,2880.0,210.6084367387837,,,
joint_N57_U1200,forward,6840,1200,q3_peak_base,57,True,,,57.260161284231835,6831.8318212101285,57,0.0,2406.114336435482,0.0,1123.3789527538363,422.3385320208099,2880.0,210.6084367387837,,,
joint_N59_U0,forward,7080,0,q3_peak_base,59,True,,,50.35123365838591,7079.9999998987,59,2288.8005611580597,0.0,1488.8609067198304,0.0,422.3385320208099,2880.0,0.0,,,
joint_N59_U80,forward,7080,80,q3_peak_base,59,True,,,56.01307717371434,7079.9999998657,59,1924.4310289876753,588.4988837300822,945.7749284030635,318.9566267240695,422.3385320208099,2880.0,80.0,,,
joint_N59_U120,forward,7080,120,q3_peak_base,59,True,,,57.23923600645298,7079.999999710607,59,1510.1984977600882,1063.3876582141538,709.5423914589137,494.53292025664166,422.3385320208099,2880.0,120.00000000000003,,,
joint_N59_U160,forward,7080,160,q3_peak_base,59,True,,,57.260161284231835,6910.402675287818,58,874.7708836952875,1584.113613905242,421.6173042899551,727.5623413765237,422.3385320208099,2880.0,159.99999999999986,,,
joint_N59_U200,forward,7080,200,q3_peak_base,59,True,,,57.260161284231835,6836.030857071099,57,190.38805325889217,2218.8049520943587,79.66341627845604,1044.835903418582,422.3385320208099,2880.0,199.99999999999994,,,
joint_N59_U240,forward,7080,240,q3_peak_base,59,True,,,57.260161284231835,6831.8318212101285,57,0.0,2406.114336435482,0.0,1123.3789527538363,422.3385320208099,2880.0,210.6084367387837,,,
joint_N59_U600,forward,7080,600,q3_peak_base,59,True,,,57.260161284231835,6831.8318212101285,57,0.0,2406.114336435482,0.0,1123.3789527538363,422.3385320208099,2880.0,210.6084367387837,,,
joint_N59_U1200,forward,7080,1200,q3_peak_base,59,True,,,57.260161284231835,6831.8318212101285,57,0.0,2406.114336435482,0.0,1123.3789527538363,422.3385320208099,2880.0,210.6084367387837,,,
joint_N62_U0,forward,7440,0,q3_peak_base,62,True,,,53.62239009616451,7439.999999881026,62,2648.800561140386,0.0,1488.8609067198304,0.0,422.3385320208099,2880.0,0.0,,,
joint_N62_U80,forward,7440,80,q3_peak_base,62,True,,,57.260161284231835,7324.235288933235,62,2117.5032700783354,630.3066870941509,964.8430062669994,309.24379347293905,422.3385320208099,2880.0,80.00000000000003,,,
joint_N62_U120,forward,7440,120,q3_peak_base,62,True,,,57.260161284231835,7086.4800606884555,60,1518.94202808975,1061.5860269581221,707.2757852153335,496.3376884044398,422.3385320208099,2880.0,119.99999999999997,,,
joint_N62_U160,forward,7440,160,q3_peak_base,62,True,,,57.260161284231835,6910.402675287818,58,874.7708836952875,1584.113613905242,421.6173042899551,727.5623413765237,422.3385320208099,2880.0,159.99999999999986,,,
joint_N62_U200,forward,7440,200,q3_peak_base,62,True,,,57.260161284231835,6836.030857071099,57,190.38805325889217,2218.8049520943587,79.66341627845604,1044.835903418582,422.3385320208099,2880.0,199.99999999999994,,,
joint_N62_U240,forward,7440,240,q3_peak_base,62,True,,,57.260161284231835,6831.8318212101285,57,0.0,2406.114336435482,0.0,1123.3789527538363,422.3385320208099,2880.0,210.6084367387837,,,
joint_N62_U600,forward,7440,600,q3_peak_base,62,True,,,57.260161284231835,6831.8318212101285,57,0.0,2406.114336435482,0.0,1123.3789527538363,422.3385320208099,2880.0,210.6084367387837,,,
joint_N62_U1200,forward,7440,1200,q3_peak_base,62,True,,,57.260161284231835,6831.8318212101285,57,0.0,2406.114336435482,0.0,1123.3789527538363,422.3385320208099,2880.0,210.6084367387837,,,
joint_N67_U0,forward,8040,0,q3_peak_base,67,True,,,57.260161284231835,7996.184015648632,67,3204.984576907992,0.0,1488.8609067198304,0.0,422.3385320208099,2880.0,0.0,,,
joint_N67_U80,forward,8040,80,q3_peak_base,67,True,,,57.260161284231835,7324.235288933235,62,2117.5032700783354,630.3066870941509,964.8430062669994,309.24379347293905,422.3385320208099,2880.0,80.00000000000003,,,
joint_N67_U120,forward,8040,120,q3_peak_base,67,True,,,57.260161284231835,7086.4800606884555,60,1518.94202808975,1061.5860269581221,707.2757852153335,496.3376884044398,422.3385320208099,2880.0,119.99999999999997,,,
joint_N67_U160,forward,8040,160,q3_peak_base,67,True,,,57.260161284231835,6910.402675287818,58,874.7708836952875,1584.113613905242,421.6173042899551,727.5623413765237,422.3385320208099,2880.0,159.99999999999986,,,
joint_N67_U200,forward,8040,200,q3_peak_base,67,True,,,57.260161284231835,6836.030857071099,57,190.38805325889217,2218.8049520943587,79.66341627845604,1044.835903418582,422.3385320208099,2880.0,199.99999999999994,,,
joint_N67_U240,forward,8040,240,q3_peak_base,67,True,,,57.260161284231835,6831.8318212101285,57,0.0,2406.114336435482,0.0,1123.3789527538363,422.3385320208099,2880.0,210.6084367387837,,,
joint_N67_U600,forward,8040,600,q3_peak_base,67,True,,,57.260161284231835,6831.8318212101285,57,0.0,2406.114336435482,0.0,1123.3789527538363,422.3385320208099,2880.0,210.6084367387837,,,
joint_N67_U1200,forward,8040,1200,q3_peak_base,67,True,,,57.260161284231835,6831.8318212101285,57,0.0,2406.114336435482,0.0,1123.3789527538363,422.3385320208099,2880.0,210.6084367387837,,,
joint_N177_U0,forward,21240,0,q3_peak_base,177,True,,,57.260161284231835,7996.184015648632,67,3204.984576907992,0.0,1488.8609067198304,0.0,422.3385320208099,2880.0,0.0,,,
joint_N177_U80,forward,21240,80,q3_peak_base,177,True,,,57.260161284231835,7324.235288933235,62,2117.5032700783363,630.3066870941504,964.8430062669994,309.243793472939,422.3385320208099,2880.0,79.99999999999997,,,
joint_N177_U120,forward,21240,120,q3_peak_base,177,True,,,57.260161284231835,7086.4800606884555,60,1518.94202808975,1061.5860269581221,707.2757852153335,496.33768840443986,422.3385320208099,2880.0,119.99999999999997,,,
joint_N177_U160,forward,21240,160,q3_peak_base,177,True,,,57.260161284231835,6910.402675287817,58,888.1902838803321,1572.460146501313,408.1979041049043,739.2158087804578,422.3385320208099,2880.0,160.00000000000009,,,
joint_N177_U200,forward,21240,200,q3_peak_base,177,True,,,57.260161284231835,6836.030857071099,57,190.38805325889217,2218.8049520943587,79.66341627845526,1044.8359034185826,422.3385320208099,2880.0,200.0,,,
joint_N177_U240,forward,21240,240,q3_peak_base,177,True,,,57.260161284231835,6831.8318212101285,57,0.0,2406.114336435482,0.0,1123.3789527538363,422.3385320208099,2880.0,210.6084367387837,,,
joint_N177_U600,forward,21240,600,q3_peak_base,177,True,,,57.260161284231835,6831.8318212101285,57,0.0,2406.114336435482,0.0,1123.3789527538363,422.3385320208099,2880.0,210.6084367387837,,,
joint_N177_U1200,forward,21240,1200,q3_peak_base,177,True,,,57.260161284231835,6831.8318212101285,57,0.0,2406.114336435482,0.0,1123.3789527538363,422.3385320208099,2880.0,210.6084367387837,,,
profile_reference_peak,inverse,,1200.0,q3_peak_base,,True,,,57.260161284231835,6831.8318212101285,57,0.0,2406.114336435482,0.0,1123.3789527538363,422.3385320208099,2880.0,210.6084367387837,,,
profile_reference_q2,inverse,,1200.0,q2_monitoring,,True,,,57.260161284231835,5286.114336435483,45,0.0,2406.114336435482,0.0,0.0,0.0,2880.0,144.34338322044937,,,
q2_scarce_adaptive,forward,4248,240,q2_scarce,,True,,,45.76655553890342,4247.999999941334,36,0.0,1367.9999999413344,0.0,0.0,0.0,2880.0,96.2441572788545,,,adaptive
q2_scarce_retained,forward,4248,240,q2_scarce,,True,,,32.46142655737584,4247.999997488626,36,0.0,1367.9999974886257,0.0,0.0,0.0,2880.0,82.41252482567364,,,retained
peak_N55_adaptive,forward,6600,240,peak_N55,,True,,,55.705974074201876,6599.99999988623,55,0.0,2174.282515111585,0.0,1123.3789527538363,422.3385320208099,2880.0,202.05071053085692,,,adaptive
peak_N55_retained,forward,6600,240,peak_N55,,True,,,51.722104411608285,6599.9999833080265,55,0.0,2174.28249853338,0.0,1123.3789527538363,422.3385320208099,2880.0,196.77802886764198,,,retained
peak_N59_U120_adaptive,forward,7080,120,peak_N59_U120,,True,,,57.23923600645298,7079.999999710607,59,1510.1984977600882,1063.3876582141538,709.5423914589137,494.53292025664166,422.3385320208099,2880.0,120.00000000000003,,,adaptive
peak_N59_U120_retained,forward,7080,120,peak_N59_U120,,True,,,57.13599882891436,7079.999961662904,59,1508.9438161909052,1064.6423017356328,709.5423914589137,494.53292025664166,422.3385320208099,2880.0,119.99999999999994,,,retained
drought_N59_U120_adaptive,forward,7080,120,drought_N59_U120,,True,,,53.19310384465686,7079.999999888054,59,1056.814625174109,981.5189040419814,608.6262517286791,572.3631549016638,980.6770640416197,2880.0,120.0,,,adaptive
drought_N59_U120_retained,forward,7080,120,drought_N59_U120,,True,,,46.36012965370979,7079.99998482765,59,1010.9091528331411,1032.462600994616,579.8424737818126,596.1086931764606,980.6770640416197,2880.0,120.00000000000001,,,retained
