month,season,water_visits_month,water_hours,extra_fire_rate,extra_fire_checks,unreachable_extra_fire_checks,response_hours,base_monitoring_person_hours,extra_fire_person_hours,required_person_hours,required_staff,flight_hours,fixed_reference_staff,fixed_reference_score,target_score,staff_gap_to_reference
1,wet_regular,2,211.16926601040495,0,0.0,0.0,2880.0,2406.114336435482,0.0,5497.283602445888,46,144.34338322044937,177,57.260161284231835,57.260161284231835,0
2,wet_regular,2,211.16926601040495,0,0.0,0.0,2880.0,2406.114336435482,0.0,5497.283602445888,46,144.34338322044937,177,57.260161284231835,57.260161284231835,0
3,wet_regular,2,211.16926601040495,0,0.0,0.0,2880.0,2406.114336435482,0.0,5497.283602445888,46,144.34338322044937,177,57.260161284231835,57.260161284231835,0
4,wet_regular,2,211.16926601040495,0,0.0,0.0,2880.0,2406.114336435482,0.0,5497.283602445888,46,144.34338322044937,177,57.260161284231835,57.260161284231835,0
5,early_fire_dry,4,422.3385320208099,2,137.88150156067056,214.22291112523422,2880.0,2406.114336435482,561.6894763769182,6270.142344833211,53,177.47590997961652,177,57.260161284231835,57.260161284231835,0
6,early_fire_dry,4,422.3385320208099,2,137.88150156067056,214.22291112523422,2880.0,2406.114336435482,561.6894763769182,6270.142344833211,53,177.47590997961652,177,57.260161284231835,57.260161284231835,0
7,early_fire_dry,4,422.3385320208099,2,137.88150156067056,214.22291112523422,2880.0,2406.114336435482,561.6894763769182,6270.142344833211,53,177.47590997961652,177,57.260161284231835,57.260161284231835,0
8,late_fire_dry,4,422.3385320208099,4,275.7630031213411,428.44582225046844,2880.0,2406.114336435482,1123.3789527538363,6831.8318212101285,57,210.6084367387837,177,57.260161284231835,57.260161284231835,0
9,late_fire_dry,4,422.3385320208099,4,275.7630031213411,428.44582225046844,2880.0,2406.114336435482,1123.3789527538363,6831.8318212101285,57,210.6084367387837,177,57.260161284231835,57.260161284231835,0
10,late_fire_dry,4,422.3385320208099,4,275.7630031213411,428.44582225046844,2880.0,2406.114336435482,1123.3789527538363,6831.8318212101285,57,210.6084367387837,177,57.260161284231835,57.260161284231835,0
11,late_fire_wet,2,211.16926601040495,4,275.7630031213411,428.44582225046844,2880.0,2406.114336435482,1123.3789527538363,6620.662555199724,56,210.6084367387837,177,57.260161284231835,57.260161284231835,0
12,wet_regular,2,211.16926601040495,0,0.0,0.0,2880.0,2406.114336435482,0.0,5497.283602445888,46,144.34338322044937,177,57.260161284231835,57.260161284231835,0
