month,region_id,reachable_area_share,base_service_area_fraction,base_person_hours,extra_fire_checks,extra_fire_person_hours,water_person_hours,total_field_person_hours,flight_hours,shared_response_hours_not_split
1,ENP1,0.8787267007305369,0.8787267007305369,487.8918257320338,0.0,0.0,33.0500920332799,520.9419177653137,29.30514146319269,True
1,ENP2,0.7670910068861497,0.7670910068861497,92.86242673020261,0.0,0.0,0,92.86242673020261,4.438241900760177,True
1,ENP3410,0.19207691938710295,0.19207691938710295,155.97623258393642,0.0,0.0,16.37018887159714,172.34642145553357,8.375270187630129,True
1,ENP5,0.05935931224515803,0.05935931224515803,30.78749585669233,0.0,0.0,0,30.78749585669233,0.8035404741553158,True
1,ENP6,0.20566590478459817,0.20566590478459817,60.498350085586715,0.0,0.0,38.67362418425344,99.17197426984015,3.6244637410597305,True
1,ENP7,0.001884980202812062,0.001884980202812062,0.5168490664988807,0.0,0.0,17.764949343001152,18.281798409500034,0.01671658613475889,True
1,ENP8,0.08552429819371499,0.08552429819371499,14.927386450827678,0.0,0.0,15.612141354569127,30.539527805396805,0.7496730377942166,True
1,ENP9,0,0.0,0.0,0.0,0.0,47.56602766327984,47.56602766327984,0.0,True
1,ENP11,0.00018708579829191134,0.00018708579829191134,0.2623210889972792,0.0,0.0,21.96388503152162,22.2262061205189,0.007720103978835602,True
1,ENP12,0.924851736182012,0.924851736182012,385.63847226852255,0.0,0.0,20.168357528902717,405.8068297974253,26.870547589391773,True
1,ENP13,0.4987462850091379,0.4987462850091379,282.7464010258899,0.0,0.0,0,282.7464010258899,13.079653544574303,True
1,ENP14,0.11667090680781306,0.11667090680781306,72.39732566415545,0.0,0.0,0,72.39732566415545,2.0578119577249976,True
1,ENP15,0.5232709981744339,0.5232709981744339,352.52290021885386,0.0,0.0,0,352.52290021885386,19.89554543578926,True
1,ENP16,0.8462704904076193,0.8462704904076193,183.34197597610944,0.0,0.0,0,183.34197597610944,13.996065345333257,True
1,ENP17,0.7759811221386504,0.7759811221386504,214.1076906104395,0.0,0.0,0,214.1076906104395,15.582779516038745,True
1,PAN_MAIN,0.09050690275828624,0.013576035413742936,9.11323398823238,0.0,0.0,0,9.11323398823238,1.3453238752914802,True
1,UNSURVEYED_OTHER,0.6180719840745643,0.6180719840745643,62.52344908850351,0.0,0.0,0,62.52344908850351,4.1948884615996835,True
2,ENP1,0.8787267007305369,0.8787267007305369,487.8918257320338,0.0,0.0,33.0500920332799,520.9419177653137,29.30514146319269,True
2,ENP2,0.7670910068861497,0.7670910068861497,92.86242673020261,0.0,0.0,0,92.86242673020261,4.438241900760177,True
2,ENP3410,0.19207691938710295,0.19207691938710295,155.97623258393642,0.0,0.0,16.37018887159714,172.34642145553357,8.375270187630129,True
2,ENP5,0.05935931224515803,0.05935931224515803,30.78749585669233,0.0,0.0,0,30.78749585669233,0.8035404741553158,True
2,ENP6,0.20566590478459817,0.20566590478459817,60.498350085586715,0.0,0.0,38.67362418425344,99.17197426984015,3.6244637410597305,True
2,ENP7,0.001884980202812062,0.001884980202812062,0.5168490664988807,0.0,0.0,17.764949343001152,18.281798409500034,0.01671658613475889,True
2,ENP8,0.08552429819371499,0.08552429819371499,14.927386450827678,0.0,0.0,15.612141354569127,30.539527805396805,0.7496730377942166,True
2,ENP9,0,0.0,0.0,0.0,0.0,47.56602766327984,47.56602766327984,0.0,True
2,ENP11,0.00018708579829191134,0.00018708579829191134,0.2623210889972792,0.0,0.0,21.96388503152162,22.2262061205189,0.007720103978835602,True
2,ENP12,0.924851736182012,0.924851736182012,385.63847226852255,0.0,0.0,20.168357528902717,405.8068297974253,26.870547589391773,True
2,ENP13,0.4987462850091379,0.4987462850091379,282.7464010258899,0.0,0.0,0,282.7464010258899,13.079653544574303,True
2,ENP14,0.11667090680781306,0.11667090680781306,72.39732566415545,0.0,0.0,0,72.39732566415545,2.0578119577249976,True
2,ENP15,0.5232709981744339,0.5232709981744339,352.52290021885386,0.0,0.0,0,352.52290021885386,19.89554543578926,True
2,ENP16,0.8462704904076193,0.8462704904076193,183.34197597610944,0.0,0.0,0,183.34197597610944,13.996065345333257,True
2,ENP17,0.7759811221386504,0.7759811221386504,214.1076906104395,0.0,0.0,0,214.1076906104395,15.582779516038745,True
2,PAN_MAIN,0.09050690275828624,0.013576035413742936,9.11323398823238,0.0,0.0,0,9.11323398823238,1.3453238752914802,True
2,UNSURVEYED_OTHER,0.6180719840745643,0.6180719840745643,62.52344908850351,0.0,0.0,0,62.52344908850351,4.1948884615996835,True
3,ENP1,0.8787267007305369,0.8787267007305369,487.8918257320338,0.0,0.0,33.0500920332799,520.9419177653137,29.30514146319269,True
3,ENP2,0.7670910068861497,0.7670910068861497,92.86242673020261,0.0,0.0,0,92.86242673020261,4.438241900760177,True
3,ENP3410,0.19207691938710295,0.19207691938710295,155.97623258393642,0.0,0.0,16.37018887159714,172.34642145553357,8.375270187630129,True
3,ENP5,0.05935931224515803,0.05935931224515803,30.78749585669233,0.0,0.0,0,30.78749585669233,0.8035404741553158,True
3,ENP6,0.20566590478459817,0.20566590478459817,60.498350085586715,0.0,0.0,38.67362418425344,99.17197426984015,3.6244637410597305,True
3,ENP7,0.001884980202812062,0.001884980202812062,0.5168490664988807,0.0,0.0,17.764949343001152,18.281798409500034,0.01671658613475889,True
3,ENP8,0.08552429819371499,0.08552429819371499,14.927386450827678,0.0,0.0,15.612141354569127,30.539527805396805,0.7496730377942166,True
3,ENP9,0,0.0,0.0,0.0,0.0,47.56602766327984,47.56602766327984,0.0,True
3,ENP11,0.00018708579829191134,0.00018708579829191134,0.2623210889972792,0.0,0.0,21.96388503152162,22.2262061205189,0.007720103978835602,True
3,ENP12,0.924851736182012,0.924851736182012,385.63847226852255,0.0,0.0,20.168357528902717,405.8068297974253,26.870547589391773,True
3,ENP13,0.4987462850091379,0.4987462850091379,282.7464010258899,0.0,0.0,0,282.7464010258899,13.079653544574303,True
3,ENP14,0.11667090680781306,0.11667090680781306,72.39732566415545,0.0,0.0,0,72.39732566415545,2.0578119577249976,True
3,ENP15,0.5232709981744339,0.5232709981744339,352.52290021885386,0.0,0.0,0,352.52290021885386,19.89554543578926,True
3,ENP16,0.8462704904076193,0.8462704904076193,183.34197597610944,0.0,0.0,0,183.34197597610944,13.996065345333257,True
3,ENP17,0.7759811221386504,0.7759811221386504,214.1076906104395,0.0,0.0,0,214.1076906104395,15.582779516038745,True
3,PAN_MAIN,0.09050690275828624,0.013576035413742936,9.11323398823238,0.0,0.0,0,9.11323398823238,1.3453238752914802,True
3,UNSURVEYED_OTHER,0.6180719840745643,0.6180719840745643,62.52344908850351,0.0,0.0,0,62.52344908850351,4.1948884615996835,True
4,ENP1,0.8787267007305369,0.8787267007305369,487.8918257320338,0.0,0.0,33.0500920332799,520.9419177653137,29.30514146319269,True
4,ENP2,0.7670910068861497,0.7670910068861497,92.86242673020261,0.0,0.0,0,92.86242673020261,4.438241900760177,True
4,ENP3410,0.19207691938710295,0.19207691938710295,155.97623258393642,0.0,0.0,16.37018887159714,172.34642145553357,8.375270187630129,True
4,ENP5,0.05935931224515803,0.05935931224515803,30.78749585669233,0.0,0.0,0,30.78749585669233,0.8035404741553158,True
4,ENP6,0.20566590478459817,0.20566590478459817,60.498350085586715,0.0,0.0,38.67362418425344,99.17197426984015,3.6244637410597305,True
4,ENP7,0.001884980202812062,0.001884980202812062,0.5168490664988807,0.0,0.0,17.764949343001152,18.281798409500034,0.01671658613475889,True
4,ENP8,0.08552429819371499,0.08552429819371499,14.927386450827678,0.0,0.0,15.612141354569127,30.539527805396805,0.7496730377942166,True
4,ENP9,0,0.0,0.0,0.0,0.0,47.56602766327984,47.56602766327984,0.0,True
4,ENP11,0.00018708579829191134,0.00018708579829191134,0.2623210889972792,0.0,0.0,21.96388503152162,22.2262061205189,0.007720103978835602,True
4,ENP12,0.924851736182012,0.924851736182012,385.63847226852255,0.0,0.0,20.168357528902717,405.8068297974253,26.870547589391773,True
4,ENP13,0.4987462850091379,0.4987462850091379,282.7464010258899,0.0,0.0,0,282.7464010258899,13.079653544574303,True
4,ENP14,0.11667090680781306,0.11667090680781306,72.39732566415545,0.0,0.0,0,72.39732566415545,2.0578119577249976,True
4,ENP15,0.5232709981744339,0.5232709981744339,352.52290021885386,0.0,0.0,0,352.52290021885386,19.89554543578926,True
4,ENP16,0.8462704904076193,0.8462704904076193,183.34197597610944,0.0,0.0,0,183.34197597610944,13.996065345333257,True
4,ENP17,0.7759811221386504,0.7759811221386504,214.1076906104395,0.0,0.0,0,214.1076906104395,15.582779516038745,True
4,PAN_MAIN,0.09050690275828624,0.013576035413742936,9.11323398823238,0.0,0.0,0,9.11323398823238,1.3453238752914802,True
4,UNSURVEYED_OTHER,0.6180719840745643,0.6180719840745643,62.52344908850351,0.0,0.0,0,62.52344908850351,4.1948884615996835,True
5,ENP1,0.8787267007305369,0.8787267007305369,487.8918257320338,30.309296895286597,119.34763735486992,66.1001840665598,673.3396471534635,36.473737474684846,True
5,ENP2,0.7670910068861497,0.7670910068861497,92.86242673020261,4.123056379557542,23.196042756237805,0,116.05846948644042,5.546867342906585,True
5,ENP3410,0.19207691938710295,0.19207691938710295,155.97623258393642,8.90249603593711,37.591935116402794,32.74037774319428,226.3085454435335,10.393799602400462,True
5,ENP5,0.05935931224515803,0.05935931224515803,30.78749585669233,1.175447491767025,7.66848557930155,0,38.455981435993884,1.0036846679906108,True
5,ENP6,0.20566590478459817,0.20566590478459817,60.498350085586715,2.9580545543748,15.027986726404357,77.34724836850688,152.87358518049797,4.524792310581434,True
5,ENP7,0.001884980202812062,0.001884980202812062,0.5168490664988807,0.020447685365184445,0.12128866469826347,35.529898686002305,36.16803641719945,0.020639457514469123,True
5,ENP8,0.08552429819371499,0.08552429819371499,14.927386450827678,0.6508536834452621,3.690213723812199,31.224282709138254,49.841882883778126,0.9350004386458779,True
5,ENP9,0,0.0,0.0,0.0,0.0,95.13205532655968,95.13205532655968,0.0,True
5,ENP11,0.00018708579829191134,0.00018708579829191134,0.2623210889972792,0.009473440781511256,0.05913805871364267,43.92777006304324,44.249229210754166,0.009460535768444944,True
5,ENP12,0.924851736182012,0.924851736182012,385.63847226852255,25.3804393068426,90.38698430740645,40.336715057805435,516.3621716337344,33.16853894125725,True
5,ENP13,0.4987462850091379,0.4987462850091379,282.7464010258899,13.951827405784224,70.67441568265869,0,353.4208167085486,16.349003280735086,True
5,ENP14,0.11667090680781306,0.11667090680781306,72.39732566415545,2.5817762704791964,18.079508684937306,0,90.47683434909275,2.5717015084833212,True
5,ENP15,0.5232709981744339,0.5232709981744339,352.52290021885386,20.453501916657352,83.4966003225691,0,436.019500541423,24.607892929867784,True
5,ENP16,0.8462704904076193,0.8462704904076193,183.34197597610944,11.064517314949699,32.94180935461889,0,216.28378533072834,16.51079615842777,True
5,ENP17,0.7759811221386504,0.7759811221386504,214.1076906104395,11.858031967855855,44.1666294502849,0,258.2743200607244,18.79723130302568,True
5,PAN_MAIN,0.09050690275828624,0.013576035413742936,9.11323398823238,0.0,0.0,0,9.11323398823238,1.3453238752914802,True
5,UNSURVEYED_OTHER,0.6180719840745643,0.6180719840745643,62.52344908850351,4.442281211586603,15.240800594002126,0,77.76424968250564,5.217440152035406,True
6,ENP1,0.8787267007305369,0.8787267007305369,487.8918257320338,30.309296895286597,119.34763735486992,66.1001840665598,673.3396471534635,36.473737474684846,True
6,ENP2,0.7670910068861497,0.7670910068861497,92.86242673020261,4.123056379557542,23.196042756237805,0,116.05846948644042,5.546867342906585,True
6,ENP3410,0.19207691938710295,0.19207691938710295,155.97623258393642,8.90249603593711,37.591935116402794,32.74037774319428,226.3085454435335,10.393799602400462,True
6,ENP5,0.05935931224515803,0.05935931224515803,30.78749585669233,1.175447491767025,7.66848557930155,0,38.455981435993884,1.0036846679906108,True
6,ENP6,0.20566590478459817,0.20566590478459817,60.498350085586715,2.9580545543748,15.027986726404357,77.34724836850688,152.87358518049797,4.524792310581434,True
6,ENP7,0.001884980202812062,0.001884980202812062,0.5168490664988807,0.020447685365184445,0.12128866469826347,35.529898686002305,36.16803641719945,0.020639457514469123,True
6,ENP8,0.08552429819371499,0.08552429819371499,14.927386450827678,0.6508536834452621,3.690213723812199,31.224282709138254,49.841882883778126,0.9350004386458779,True
6,ENP9,0,0.0,0.0,0.0,0.0,95.13205532655968,95.13205532655968,0.0,True
6,ENP11,0.00018708579829191134,0.00018708579829191134,0.2623210889972792,0.009473440781511256,0.05913805871364267,43.92777006304324,44.249229210754166,0.009460535768444944,True
6,ENP12,0.924851736182012,0.924851736182012,385.63847226852255,25.3804393068426,90.38698430740645,40.336715057805435,516.3621716337344,33.16853894125725,True
6,ENP13,0.4987462850091379,0.4987462850091379,282.7464010258899,13.951827405784224,70.67441568265869,0,353.4208167085486,16.349003280735086,True
6,ENP14,0.11667090680781306,0.11667090680781306,72.39732566415545,2.5817762704791964,18.079508684937306,0,90.47683434909275,2.5717015084833212,True
6,ENP15,0.5232709981744339,0.5232709981744339,352.52290021885386,20.453501916657352,83.4966003225691,0,436.019500541423,24.607892929867784,True
6,ENP16,0.8462704904076193,0.8462704904076193,183.34197597610944,11.064517314949699,32.94180935461889,0,216.28378533072834,16.51079615842777,True
6,ENP17,0.7759811221386504,0.7759811221386504,214.1076906104395,11.858031967855855,44.1666294502849,0,258.2743200607244,18.79723130302568,True
6,PAN_MAIN,0.09050690275828624,0.013576035413742936,9.11323398823238,0.0,0.0,0,9.11323398823238,1.3453238752914802,True
6,UNSURVEYED_OTHER,0.6180719840745643,0.6180719840745643,62.52344908850351,4.442281211586603,15.240800594002126,0,77.76424968250564,5.217440152035406,True
7,ENP1,0.8787267007305369,0.8787267007305369,487.8918257320338,30.309296895286597,119.34763735486992,66.1001840665598,673.3396471534635,36.473737474684846,True
7,ENP2,0.7670910068861497,0.7670910068861497,92.86242673020261,4.123056379557542,23.196042756237805,0,116.05846948644042,5.546867342906585,True
7,ENP3410,0.19207691938710295,0.19207691938710295,155.97623258393642,8.90249603593711,37.591935116402794,32.74037774319428,226.3085454435335,10.393799602400462,True
7,ENP5,0.05935931224515803,0.05935931224515803,30.78749585669233,1.175447491767025,7.66848557930155,0,38.455981435993884,1.0036846679906108,True
7,ENP6,0.20566590478459817,0.20566590478459817,60.498350085586715,2.9580545543748,15.027986726404357,77.34724836850688,152.87358518049797,4.524792310581434,True
7,ENP7,0.001884980202812062,0.001884980202812062,0.5168490664988807,0.020447685365184445,0.12128866469826347,35.529898686002305,36.16803641719945,0.020639457514469123,True
7,ENP8,0.08552429819371499,0.08552429819371499,14.927386450827678,0.6508536834452621,3.690213723812199,31.224282709138254,49.841882883778126,0.9350004386458779,True
7,ENP9,0,0.0,0.0,0.0,0.0,95.13205532655968,95.13205532655968,0.0,True
7,ENP11,0.00018708579829191134,0.00018708579829191134,0.2623210889972792,0.009473440781511256,0.05913805871364267,43.92777006304324,44.249229210754166,0.009460535768444944,True
7,ENP12,0.924851736182012,0.924851736182012,385.63847226852255,25.3804393068426,90.38698430740645,40.336715057805435,516.3621716337344,33.16853894125725,True
7,ENP13,0.4987462850091379,0.4987462850091379,282.7464010258899,13.951827405784224,70.67441568265869,0,353.4208167085486,16.349003280735086,True
7,ENP14,0.11667090680781306,0.11667090680781306,72.39732566415545,2.5817762704791964,18.079508684937306,0,90.47683434909275,2.5717015084833212,True
7,ENP15,0.5232709981744339,0.5232709981744339,352.52290021885386,20.453501916657352,83.4966003225691,0,436.019500541423,24.607892929867784,True
7,ENP16,0.8462704904076193,0.8462704904076193,183.34197597610944,11.064517314949699,32.94180935461889,0,216.28378533072834,16.51079615842777,True
7,ENP17,0.7759811221386504,0.7759811221386504,214.1076906104395,11.858031967855855,44.1666294502849,0,258.2743200607244,18.79723130302568,True
7,PAN_MAIN,0.09050690275828624,0.013576035413742936,9.11323398823238,0.0,0.0,0,9.11323398823238,1.3453238752914802,True
7,UNSURVEYED_OTHER,0.6180719840745643,0.6180719840745643,62.52344908850351,4.442281211586603,15.240800594002126,0,77.76424968250564,5.217440152035406,True
8,ENP1,0.8787267007305369,0.8787267007305369,487.8918257320338,60.61859379057319,238.69527470973983,66.1001840665598,792.6872845083334,43.642333486177,True
8,ENP2,0.7670910068861497,0.7670910068861497,92.86242673020261,8.246112759115084,46.39208551247561,0,139.25451224267823,6.655492785052992,True
8,ENP3410,0.19207691938710295,0.19207691938710295,155.97623258393642,17.80499207187422,75.18387023280559,32.74037774319428,263.9004805599363,12.412329017170794,True
8,ENP5,0.05935931224515803,0.05935931224515803,30.78749585669233,2.35089498353405,15.3369711586031,0,46.12446701529543,1.2038288618259056,True
8,ENP6,0.20566590478459817,0.20566590478459817,60.498350085586715,5.9161091087496,30.055973452808715,77.34724836850688,167.90157190690232,5.425120880103137,True
8,ENP7,0.001884980202812062,0.001884980202812062,0.5168490664988807,0.04089537073036889,0.24257732939652693,35.529898686002305,36.289325081897715,0.024562328894179357,True
8,ENP8,0.08552429819371499,0.08552429819371499,14.927386450827678,1.3017073668905241,7.380427447624398,31.224282709138254,53.53209660759033,1.1203278394975391,True
8,ENP9,0,0.0,0.0,0.0,0.0,95.13205532655968,95.13205532655968,0.0,True
8,ENP11,0.00018708579829191134,0.00018708579829191134,0.2623210889972792,0.018946881563022513,0.11827611742728535,43.92777006304324,44.30836726946781,0.011200967558054286,True
8,ENP12,0.924851736182012,0.924851736182012,385.63847226852255,50.7608786136852,180.7739686148129,40.336715057805435,606.7491559411409,39.46653029312274,True
8,ENP13,0.4987462850091379,0.4987462850091379,282.7464010258899,27.903654811568448,141.34883136531738,0,424.0952323912073,19.61835301689587,True
8,ENP14,0.11667090680781306,0.11667090680781306,72.39732566415545,5.163552540958393,36.15901736987461,0,108.55634303403005,3.085591059241646,True
8,ENP15,0.5232709981744339,0.5232709981744339,352.52290021885386,40.907003833314704,166.9932006451382,0,519.516100863992,29.32024042394631,True
8,ENP16,0.8462704904076193,0.8462704904076193,183.34197597610944,22.129034629899397,65.88361870923778,0,249.22559468534723,19.025526971522282,True
8,ENP17,0.7759811221386504,0.7759811221386504,214.1076906104395,23.71606393571171,88.3332589005698,0,302.4409495110093,22.011683090012614,True
8,PAN_MAIN,0.09050690275828624,0.013576035413742936,9.11323398823238,0.0,0.0,0,9.11323398823238,1.3453238752914802,True
8,UNSURVEYED_OTHER,0.6180719840745643,0.6180719840745643,62.52344908850351,8.884562423173206,30.48160118800425,0,93.00505027650776,6.239991842471129,True
9,ENP1,0.8787267007305369,0.8787267007305369,487.8918257320338,60.61859379057319,238.69527470973983,66.1001840665598,792.6872845083334,43.642333486177,True
9,ENP2,0.7670910068861497,0.7670910068861497,92.86242673020261,8.246112759115084,46.39208551247561,0,139.25451224267823,6.655492785052992,True
9,ENP3410,0.19207691938710295,0.19207691938710295,155.97623258393642,17.80499207187422,75.18387023280559,32.74037774319428,263.9004805599363,12.412329017170794,True
9,ENP5,0.05935931224515803,0.05935931224515803,30.78749585669233,2.35089498353405,15.3369711586031,0,46.12446701529543,1.2038288618259056,True
9,ENP6,0.20566590478459817,0.20566590478459817,60.498350085586715,5.9161091087496,30.055973452808715,77.34724836850688,167.90157190690232,5.425120880103137,True
9,ENP7,0.001884980202812062,0.001884980202812062,0.5168490664988807,0.04089537073036889,0.24257732939652693,35.529898686002305,36.289325081897715,0.024562328894179357,True
9,ENP8,0.08552429819371499,0.08552429819371499,14.927386450827678,1.3017073668905241,7.380427447624398,31.224282709138254,53.53209660759033,1.1203278394975391,True
9,ENP9,0,0.0,0.0,0.0,0.0,95.13205532655968,95.13205532655968,0.0,True
9,ENP11,0.00018708579829191134,0.00018708579829191134,0.2623210889972792,0.018946881563022513,0.11827611742728535,43.92777006304324,44.30836726946781,0.011200967558054286,True
9,ENP12,0.924851736182012,0.924851736182012,385.63847226852255,50.7608786136852,180.7739686148129,40.336715057805435,606.7491559411409,39.46653029312274,True
9,ENP13,0.4987462850091379,0.4987462850091379,282.7464010258899,27.903654811568448,141.34883136531738,0,424.0952323912073,19.61835301689587,True
9,ENP14,0.11667090680781306,0.11667090680781306,72.39732566415545,5.163552540958393,36.15901736987461,0,108.55634303403005,3.085591059241646,True
9,ENP15,0.5232709981744339,0.5232709981744339,352.52290021885386,40.907003833314704,166.9932006451382,0,519.516100863992,29.32024042394631,True
9,ENP16,0.8462704904076193,0.8462704904076193,183.34197597610944,22.129034629899397,65.88361870923778,0,249.22559468534723,19.025526971522282,True
9,ENP17,0.7759811221386504,0.7759811221386504,214.1076906104395,23.71606393571171,88.3332589005698,0,302.4409495110093,22.011683090012614,True
9,PAN_MAIN,0.09050690275828624,0.013576035413742936,9.11323398823238,0.0,0.0,0,9.11323398823238,1.3453238752914802,True
9,UNSURVEYED_OTHER,0.6180719840745643,0.6180719840745643,62.52344908850351,8.884562423173206,30.48160118800425,0,93.00505027650776,6.239991842471129,True
10,ENP1,0.8787267007305369,0.8787267007305369,487.8918257320338,60.61859379057319,238.69527470973983,66.1001840665598,792.6872845083334,43.642333486177,True
10,ENP2,0.7670910068861497,0.7670910068861497,92.86242673020261,8.246112759115084,46.39208551247561,0,139.25451224267823,6.655492785052992,True
10,ENP3410,0.19207691938710295,0.19207691938710295,155.97623258393642,17.80499207187422,75.18387023280559,32.74037774319428,263.9004805599363,12.412329017170794,True
10,ENP5,0.05935931224515803,0.05935931224515803,30.78749585669233,2.35089498353405,15.3369711586031,0,46.12446701529543,1.2038288618259056,True
10,ENP6,0.20566590478459817,0.20566590478459817,60.498350085586715,5.9161091087496,30.055973452808715,77.34724836850688,167.90157190690232,5.425120880103137,True
10,ENP7,0.001884980202812062,0.001884980202812062,0.5168490664988807,0.04089537073036889,0.24257732939652693,35.529898686002305,36.289325081897715,0.024562328894179357,True
10,ENP8,0.08552429819371499,0.08552429819371499,14.927386450827678,1.3017073668905241,7.380427447624398,31.224282709138254,53.53209660759033,1.1203278394975391,True
10,ENP9,0,0.0,0.0,0.0,0.0,95.13205532655968,95.13205532655968,0.0,True
10,ENP11,0.00018708579829191134,0.00018708579829191134,0.2623210889972792,0.018946881563022513,0.11827611742728535,43.92777006304324,44.30836726946781,0.011200967558054286,True
10,ENP12,0.924851736182012,0.924851736182012,385.63847226852255,50.7608786136852,180.7739686148129,40.336715057805435,606.7491559411409,39.46653029312274,True
10,ENP13,0.4987462850091379,0.4987462850091379,282.7464010258899,27.903654811568448,141.34883136531738,0,424.0952323912073,19.61835301689587,True
10,ENP14,0.11667090680781306,0.11667090680781306,72.39732566415545,5.163552540958393,36.15901736987461,0,108.55634303403005,3.085591059241646,True
10,ENP15,0.5232709981744339,0.5232709981744339,352.52290021885386,40.907003833314704,166.9932006451382,0,519.516100863992,29.32024042394631,True
10,ENP16,0.8462704904076193,0.8462704904076193,183.34197597610944,22.129034629899397,65.88361870923778,0,249.22559468534723,19.025526971522282,True
10,ENP17,0.7759811221386504,0.7759811221386504,214.1076906104395,23.71606393571171,88.3332589005698,0,302.4409495110093,22.011683090012614,True
10,PAN_MAIN,0.09050690275828624,0.013576035413742936,9.11323398823238,0.0,0.0,0,9.11323398823238,1.3453238752914802,True
10,UNSURVEYED_OTHER,0.6180719840745643,0.6180719840745643,62.52344908850351,8.884562423173206,30.48160118800425,0,93.00505027650776,6.239991842471129,True
11,ENP1,0.8787267007305369,0.8787267007305369,487.8918257320338,60.61859379057319,238.69527470973983,33.0500920332799,759.6371924750536,43.642333486177,True
11,ENP2,0.7670910068861497,0.7670910068861497,92.86242673020261,8.246112759115084,46.39208551247561,0,139.25451224267823,6.655492785052992,True
11,ENP3410,0.19207691938710295,0.19207691938710295,155.97623258393642,17.80499207187422,75.18387023280559,16.37018887159714,247.53029168833916,12.412329017170794,True
11,ENP5,0.05935931224515803,0.05935931224515803,30.78749585669233,2.35089498353405,15.3369711586031,0,46.12446701529543,1.2038288618259056,True
11,ENP6,0.20566590478459817,0.20566590478459817,60.498350085586715,5.9161091087496,30.055973452808715,38.67362418425344,129.22794772264888,5.425120880103137,True
11,ENP7,0.001884980202812062,0.001884980202812062,0.5168490664988807,0.04089537073036889,0.24257732939652693,17.764949343001152,18.52437573889656,0.024562328894179357,True
11,ENP8,0.08552429819371499,0.08552429819371499,14.927386450827678,1.3017073668905241,7.380427447624398,15.612141354569127,37.9199552530212,1.1203278394975391,True
11,ENP9,0,0.0,0.0,0.0,0.0,47.56602766327984,47.56602766327984,0.0,True
11,ENP11,0.00018708579829191134,0.00018708579829191134,0.2623210889972792,0.018946881563022513,0.11827611742728535,21.96388503152162,22.344482237946185,0.011200967558054286,True
11,ENP12,0.924851736182012,0.924851736182012,385.63847226852255,50.7608786136852,180.7739686148129,20.168357528902717,586.5807984122381,39.46653029312274,True
11,ENP13,0.4987462850091379,0.4987462850091379,282.7464010258899,27.903654811568448,141.34883136531738,0,424.0952323912073,19.61835301689587,True
11,ENP14,0.11667090680781306,0.11667090680781306,72.39732566415545,5.163552540958393,36.15901736987461,0,108.55634303403005,3.085591059241646,True
11,ENP15,0.5232709981744339,0.5232709981744339,352.52290021885386,40.907003833314704,166.9932006451382,0,519.516100863992,29.32024042394631,True
11,ENP16,0.8462704904076193,0.8462704904076193,183.34197597610944,22.129034629899397,65.88361870923778,0,249.22559468534723,19.025526971522282,True
11,ENP17,0.7759811221386504,0.7759811221386504,214.1076906104395,23.71606393571171,88.3332589005698,0,302.4409495110093,22.011683090012614,True
11,PAN_MAIN,0.09050690275828624,0.013576035413742936,9.11323398823238,0.0,0.0,0,9.11323398823238,1.3453238752914802,True
11,UNSURVEYED_OTHER,0.6180719840745643,0.6180719840745643,62.52344908850351,8.884562423173206,30.48160118800425,0,93.00505027650776,6.239991842471129,True
12,ENP1,0.8787267007305369,0.8787267007305369,487.8918257320338,0.0,0.0,33.0500920332799,520.9419177653137,29.30514146319269,True
12,ENP2,0.7670910068861497,0.7670910068861497,92.86242673020261,0.0,0.0,0,92.86242673020261,4.438241900760177,True
12,ENP3410,0.19207691938710295,0.19207691938710295,155.97623258393642,0.0,0.0,16.37018887159714,172.34642145553357,8.375270187630129,True
12,ENP5,0.05935931224515803,0.05935931224515803,30.78749585669233,0.0,0.0,0,30.78749585669233,0.8035404741553158,True
12,ENP6,0.20566590478459817,0.20566590478459817,60.498350085586715,0.0,0.0,38.67362418425344,99.17197426984015,3.6244637410597305,True
12,ENP7,0.001884980202812062,0.001884980202812062,0.5168490664988807,0.0,0.0,17.764949343001152,18.281798409500034,0.01671658613475889,True
12,ENP8,0.08552429819371499,0.08552429819371499,14.927386450827678,0.0,0.0,15.612141354569127,30.539527805396805,0.7496730377942166,True
12,ENP9,0,0.0,0.0,0.0,0.0,47.56602766327984,47.56602766327984,0.0,True
12,ENP11,0.00018708579829191134,0.00018708579829191134,0.2623210889972792,0.0,0.0,21.96388503152162,22.2262061205189,0.007720103978835602,True
12,ENP12,0.924851736182012,0.924851736182012,385.63847226852255,0.0,0.0,20.168357528902717,405.8068297974253,26.870547589391773,True
12,ENP13,0.4987462850091379,0.4987462850091379,282.7464010258899,0.0,0.0,0,282.7464010258899,13.079653544574303,True
12,ENP14,0.11667090680781306,0.11667090680781306,72.39732566415545,0.0,0.0,0,72.39732566415545,2.0578119577249976,True
12,ENP15,0.5232709981744339,0.5232709981744339,352.52290021885386,0.0,0.0,0,352.52290021885386,19.89554543578926,True
12,ENP16,0.8462704904076193,0.8462704904076193,183.34197597610944,0.0,0.0,0,183.34197597610944,13.996065345333257,True
12,ENP17,0.7759811221386504,0.7759811221386504,214.1076906104395,0.0,0.0,0,214.1076906104395,15.582779516038745,True
12,PAN_MAIN,0.09050690275828624,0.013576035413742936,9.11323398823238,0.0,0.0,0,9.11323398823238,1.3453238752914802,True
12,UNSURVEYED_OTHER,0.6180719840745643,0.6180719840745643,62.52344908850351,0.0,0.0,0,62.52344908850351,4.1948884615996835,True
