name,region_id,base_name,visits_month,round_travel_hours,onsite_hours_visit,person_hours_visit,monthly_person_hours,inventory_multiplier_scenario,period
Nabrownij,ENP12,Okaukuejo,2,0.5973518869355016,0.5,2.36137044053767,4.72274088107534,1.0,wet_regular
Gemsbokvlakte,ENP12,Okaukuejo,2,1.0814397742641488,0.5,3.329546215194964,6.659092430389928,1.0,wet_regular
Olifantsbad,ENP12,Okaukuejo,2,1.6132977210260284,0.5,4.393262108718724,8.786524217437448,1.0,wet_regular
Dolomitepunt,ENP1,Olifantsrus,2,3.1023091630227015,0.5,7.37128499271207,14.74256998542414,1.0,wet_regular
Duineveld,ENP1,Olifantsrus,2,1.9774094945186549,0.5,5.121485655703977,10.242971311407954,1.0,wet_regular
Nomab,ENP1,Olifantsrus,2,0.7693443230976045,0.5,2.7053553128618755,5.410710625723751,1.0,wet_regular
Olifantsrus,ENP1,Olifantsrus,2,0.08012669434768167,0.5,1.3269200553620302,2.6538401107240603,1.0,wet_regular
Teobron,ENP3410,Olifantsrus,2,0.7587325744768356,0.5,2.6841318156203378,5.3682636312406755,1.0,wet_regular
Toespad,ENP6,Olifantsrus,2,1.4832039572985551,0.5,4.133074581263777,8.266149162527554,1.0,wet_regular
Duivelsvuur,ENP6,Olifantsrus,2,3.044789342913573,0.5,7.256245352493813,14.512490704987625,1.0,wet_regular
Sonderkop,ENP6,Olifantsrus,2,3.3904127458512328,0.5,7.9474921583691325,15.894984316738265,1.0,wet_regular
Mbari,ENP7,Okaukuejo,2,3.8579040024169555,0.5,8.882474671500576,17.764949343001152,1.0,wet_regular
Okahakana,ENP11,Okaukuejo,2,4.907637924547072,0.5,10.98194251576081,21.96388503152162,1.0,wet_regular
Pan Point,ENP9,Okaukuejo,2,4.919488768326551,0.5,11.005644203319768,22.011288406639537,1.0,wet_regular
Narawandu,ENP9,Okaukuejo,2,5.805351480826743,0.5,12.777369628320152,25.554739256640303,1.0,wet_regular
Gruneveld,ENP3410,Okaukuejo,2,2.1671479767557824,0.5,5.500962620178232,11.001925240356464,1.0,wet_regular
Eindpaal,ENP8,Okaukuejo,2,3.3197020053089483,0.5,7.806070677284564,15.612141354569127,1.0,wet_regular
Nabrownij,ENP12,Okaukuejo,4,0.5973518869355016,0.5,2.36137044053767,9.44548176215068,1.0,dry
Gemsbokvlakte,ENP12,Okaukuejo,4,1.0814397742641488,0.5,3.329546215194964,13.318184860779857,1.0,dry
Olifantsbad,ENP12,Okaukuejo,4,1.6132977210260284,0.5,4.393262108718724,17.573048434874895,1.0,dry
Dolomitepunt,ENP1,Olifantsrus,4,3.1023091630227015,0.5,7.37128499271207,29.48513997084828,1.0,dry
Duineveld,ENP1,Olifantsrus,4,1.9774094945186549,0.5,5.121485655703977,20.48594262281591,1.0,dry
Nomab,ENP1,Olifantsrus,4,0.7693443230976045,0.5,2.7053553128618755,10.821421251447502,1.0,dry
Olifantsrus,ENP1,Olifantsrus,4,0.08012669434768167,0.5,1.3269200553620302,5.307680221448121,1.0,dry
Teobron,ENP3410,Olifantsrus,4,0.7587325744768356,0.5,2.6841318156203378,10.736527262481351,1.0,dry
Toespad,ENP6,Olifantsrus,4,1.4832039572985551,0.5,4.133074581263777,16.53229832505511,1.0,dry
Duivelsvuur,ENP6,Olifantsrus,4,3.044789342913573,0.5,7.256245352493813,29.02498140997525,1.0,dry
Sonderkop,ENP6,Olifantsrus,4,3.3904127458512328,0.5,7.9474921583691325,31.78996863347653,1.0,dry
Mbari,ENP7,Okaukuejo,4,3.8579040024169555,0.5,8.882474671500576,35.529898686002305,1.0,dry
Okahakana,ENP11,Okaukuejo,4,4.907637924547072,0.5,10.98194251576081,43.92777006304324,1.0,dry
Pan Point,ENP9,Okaukuejo,4,4.919488768326551,0.5,11.005644203319768,44.02257681327907,1.0,dry
Narawandu,ENP9,Okaukuejo,4,5.805351480826743,0.5,12.777369628320152,51.10947851328061,1.0,dry
Gruneveld,ENP3410,Okaukuejo,4,2.1671479767557824,0.5,5.500962620178232,22.003850480712927,1.0,dry
Eindpaal,ENP8,Okaukuejo,4,3.3197020053089483,0.5,7.806070677284564,31.224282709138254,1.0,dry
Nabrownij,ENP12,Okaukuejo,8,0.5973518869355016,1,3.36137044053767,26.89096352430136,1.0,abnormal_drought
Gemsbokvlakte,ENP12,Okaukuejo,8,1.0814397742641488,1,4.329546215194965,34.63636972155972,1.0,abnormal_drought
Olifantsbad,ENP12,Okaukuejo,8,1.6132977210260284,1,5.393262108718724,43.14609686974979,1.0,abnormal_drought
Dolomitepunt,ENP1,Olifantsrus,8,3.1023091630227015,1,8.371284992712068,66.97027994169655,1.0,abnormal_drought
Duineveld,ENP1,Olifantsrus,8,1.9774094945186549,1,6.121485655703977,48.97188524563182,1.0,abnormal_drought
Nomab,ENP1,Olifantsrus,8,0.7693443230976045,1,3.7053553128618755,29.642842502895004,1.0,abnormal_drought
Olifantsrus,ENP1,Olifantsrus,8,0.08012669434768167,1,2.32692005536203,18.61536044289624,1.0,abnormal_drought
Teobron,ENP3410,Olifantsrus,8,0.7587325744768356,1,3.6841318156203378,29.473054524962702,1.0,abnormal_drought
Toespad,ENP6,Olifantsrus,8,1.4832039572985551,1,5.133074581263777,41.06459665011022,1.0,abnormal_drought
Duivelsvuur,ENP6,Olifantsrus,8,3.044789342913573,1,8.256245352493812,66.0499628199505,1.0,abnormal_drought
Sonderkop,ENP6,Olifantsrus,8,3.3904127458512328,1,8.947492158369132,71.57993726695305,1.0,abnormal_drought
Mbari,ENP7,Okaukuejo,8,3.8579040024169555,1,9.882474671500576,79.05979737200461,1.0,abnormal_drought
Okahakana,ENP11,Okaukuejo,8,4.907637924547072,1,11.98194251576081,95.85554012608648,1.0,abnormal_drought
Pan Point,ENP9,Okaukuejo,8,4.919488768326551,1,12.005644203319768,96.04515362655815,1.0,abnormal_drought
Narawandu,ENP9,Okaukuejo,8,5.805351480826743,1,13.777369628320152,110.21895702656121,1.0,abnormal_drought
Gruneveld,ENP3410,Okaukuejo,8,2.1671479767557824,1,6.500962620178232,52.007700961425854,1.0,abnormal_drought
Eindpaal,ENP8,Okaukuejo,8,3.3197020053089483,1,8.806070677284563,70.4485654182765,1.0,abnormal_drought
